Incorrect_SKU,error
,401 Client Error: UNAUTHORIZED for url: https://public-api.shiphero.com/graphql
,401 Client Error: UNAUTHORIZED for url: https://public-api.shiphero.com/graphql
,401 Client Error: UNAUTHORIZED for url: https://public-api.shiphero.com/graphql
,401 Client Error: UNAUTHORIZED for url: https://public-api.shiphero.com/graphql
,401 Client Error: UNAUTHORIZED for url: https://public-api.shiphero.com/graphql
,401 Client Error: UNAUTHORIZED for url: https://public-api.shiphero.com/graphql
,401 Client Error: UNAUTHORIZED for url: https://public-api.shiphero.com/graphql
,401 Client Error: UNAUTHORIZED for url: https://public-api.shiphero.com/graphql
,401 Client Error: UNAUTHORIZED for url: https://public-api.shiphero.com/graphql
,401 Client Error: UNAUTHORIZED for url: https://public-api.shiphero.com/graphql
,401 Client Error: UNAUTHORIZED for url: https://public-api.shiphero.com/graphql
,401 Client Error: UNAUTHORIZED for url: https://public-api.shiphero.com/graphql
,401 Client Error: UNAUTHORIZED for url: https://public-api.shiphero.com/graphql
,401 Client Error: UNAUTHORIZED for url: https://public-api.shiphero.com/graphql
,401 Client Error: UNAUTHORIZED for url: https://public-api.shiphero.com/graphql
,401 Client Error: UNAUTHORIZED for url: https://public-api.shiphero.com/graphql
,401 Client Error: UNAUTHORIZED for url: https://public-api.shiphero.com/graphql
,401 Client Error: UNAUTHORIZED for url: https://public-api.shiphero.com/graphql
,401 Client Error: UNAUTHORIZED for url: https://public-api.shiphero.com/graphql
,401 Client Error: UNAUTHORIZED for url: https://public-api.shiphero.com/graphql
,401 Client Error: UNAUTHORIZED for url: https://public-api.shiphero.com/graphql
,401 Client Error: UNAUTHORIZED for url: https://public-api.shiphero.com/graphql
,401 Client Error: UNAUTHORIZED for url: https://public-api.shiphero.com/graphql
,401 Client Error: UNAUTHORIZED for url: https://public-api.shiphero.com/graphql
,401 Client Error: UNAUTHORIZED for url: https://public-api.shiphero.com/graphql
,401 Client Error: UNAUTHORIZED for url: https://public-api.shiphero.com/graphql
,401 Client Error: UNAUTHORIZED for url: https://public-api.shiphero.com/graphql
,401 Client Error: UNAUTHORIZED for url: https://public-api.shiphero.com/graphql
,401 Client Error: UNAUTHORIZED for url: https://public-api.shiphero.com/graphql
,401 Client Error: UNAUTHORIZED for url: https://public-api.shiphero.com/graphql
,401 Client Error: UNAUTHORIZED for url: https://public-api.shiphero.com/graphql
,401 Client Error: UNAUTHORIZED for url: https://public-api.shiphero.com/graphql
,401 Client Error: UNAUTHORIZED for url: https://public-api.shiphero.com/graphql
,401 Client Error: UNAUTHORIZED for url: https://public-api.shiphero.com/graphql
,401 Client Error: UNAUTHORIZED for url: https://public-api.shiphero.com/graphql
,401 Client Error: UNAUTHORIZED for url: https://public-api.shiphero.com/graphql
,401 Client Error: UNAUTHORIZED for url: https://public-api.shiphero.com/graphql
,401 Client Error: UNAUTHORIZED for url: https://public-api.shiphero.com/graphql
,401 Client Error: UNAUTHORIZED for url: https://public-api.shiphero.com/graphql
,401 Client Error: UNAUTHORIZED for url: https://public-api.shiphero.com/graphql
,401 Client Error: UNAUTHORIZED for url: https://public-api.shiphero.com/graphql
,401 Client Error: UNAUTHORIZED for url: https://public-api.shiphero.com/graphql
,401 Client Error: UNAUTHORIZED for url: https://public-api.shiphero.com/graphql
,401 Client Error: UNAUTHORIZED for url: https://public-api.shiphero.com/graphql
,401 Client Error: UNAUTHORIZED for url: https://public-api.shiphero.com/graphql
,401 Client Error: UNAUTHORIZED for url: https://public-api.shiphero.com/graphql
,401 Client Error: UNAUTHORIZED for url: https://public-api.shiphero.com/graphql
,401 Client Error: UNAUTHORIZED for url: https://public-api.shiphero.com/graphql
,401 Client Error: UNAUTHORIZED for url: https://public-api.shiphero.com/graphql
,401 Client Error: UNAUTHORIZED for url: https://public-api.shiphero.com/graphql
,401 Client Error: UNAUTHORIZED for url: https://public-api.shiphero.com/graphql
,401 Client Error: UNAUTHORIZED for url: https://public-api.shiphero.com/graphql
,401 Client Error: UNAUTHORIZED for url: https://public-api.shiphero.com/graphql
,401 Client Error: UNAUTHORIZED for url: https://public-api.shiphero.com/graphql
,401 Client Error: UNAUTHORIZED for url: https://public-api.shiphero.com/graphql
,401 Client Error: UNAUTHORIZED for url: https://public-api.shiphero.com/graphql
,401 Client Error: UNAUTHORIZED for url: https://public-api.shiphero.com/graphql
,401 Client Error: UNAUTHORIZED for url: https://public-api.shiphero.com/graphql
,401 Client Error: UNAUTHORIZED for url: https://public-api.shiphero.com/graphql
,401 Client Error: UNAUTHORIZED for url: https://public-api.shiphero.com/graphql
,401 Client Error: UNAUTHORIZED for url: https://public-api.shiphero.com/graphql
,401 Client Error: UNAUTHORIZED for url: https://public-api.shiphero.com/graphql
,401 Client Error: UNAUTHORIZED for url: https://public-api.shiphero.com/graphql
,401 Client Error: UNAUTHORIZED for url: https://public-api.shiphero.com/graphql
,401 Client Error: UNAUTHORIZED for url: https://public-api.shiphero.com/graphql
,401 Client Error: UNAUTHORIZED for url: https://public-api.shiphero.com/graphql
,401 Client Error: UNAUTHORIZED for url: https://public-api.shiphero.com/graphql
,401 Client Error: UNAUTHORIZED for url: https://public-api.shiphero.com/graphql
,401 Client Error: UNAUTHORIZED for url: https://public-api.shiphero.com/graphql
,401 Client Error: UNAUTHORIZED for url: https://public-api.shiphero.com/graphql
,401 Client Error: UNAUTHORIZED for url: https://public-api.shiphero.com/graphql
,401 Client Error: UNAUTHORIZED for url: https://public-api.shiphero.com/graphql
,401 Client Error: UNAUTHORIZED for url: https://public-api.shiphero.com/graphql
,401 Client Error: UNAUTHORIZED for url: https://public-api.shiphero.com/graphql
,401 Client Error: UNAUTHORIZED for url: https://public-api.shiphero.com/graphql
,401 Client Error: UNAUTHORIZED for url: https://public-api.shiphero.com/graphql
,401 Client Error: UNAUTHORIZED for url: https://public-api.shiphero.com/graphql
,401 Client Error: UNAUTHORIZED for url: https://public-api.shiphero.com/graphql
,401 Client Error: UNAUTHORIZED for url: https://public-api.shiphero.com/graphql
,401 Client Error: UNAUTHORIZED for url: https://public-api.shiphero.com/graphql
,401 Client Error: UNAUTHORIZED for url: https://public-api.shiphero.com/graphql
,401 Client Error: UNAUTHORIZED for url: https://public-api.shiphero.com/graphql
,401 Client Error: UNAUTHORIZED for url: https://public-api.shiphero.com/graphql
,401 Client Error: UNAUTHORIZED for url: https://public-api.shiphero.com/graphql
,401 Client Error: UNAUTHORIZED for url: https://public-api.shiphero.com/graphql
,401 Client Error: UNAUTHORIZED for url: https://public-api.shiphero.com/graphql
,401 Client Error: UNAUTHORIZED for url: https://public-api.shiphero.com/graphql
,401 Client Error: UNAUTHORIZED for url: https://public-api.shiphero.com/graphql
,401 Client Error: UNAUTHORIZED for url: https://public-api.shiphero.com/graphql
,401 Client Error: UNAUTHORIZED for url: https://public-api.shiphero.com/graphql
,401 Client Error: UNAUTHORIZED for url: https://public-api.shiphero.com/graphql
,401 Client Error: UNAUTHORIZED for url: https://public-api.shiphero.com/graphql
,401 Client Error: UNAUTHORIZED for url: https://public-api.shiphero.com/graphql
,401 Client Error: UNAUTHORIZED for url: https://public-api.shiphero.com/graphql
,401 Client Error: UNAUTHORIZED for url: https://public-api.shiphero.com/graphql
,401 Client Error: UNAUTHORIZED for url: https://public-api.shiphero.com/graphql
,401 Client Error: UNAUTHORIZED for url: https://public-api.shiphero.com/graphql
,401 Client Error: UNAUTHORIZED for url: https://public-api.shiphero.com/graphql
,401 Client Error: UNAUTHORIZED for url: https://public-api.shiphero.com/graphql
,401 Client Error: UNAUTHORIZED for url: https://public-api.shiphero.com/graphql
,401 Client Error: UNAUTHORIZED for url: https://public-api.shiphero.com/graphql
,401 Client Error: UNAUTHORIZED for url: https://public-api.shiphero.com/graphql
,401 Client Error: UNAUTHORIZED for url: https://public-api.shiphero.com/graphql
,401 Client Error: UNAUTHORIZED for url: https://public-api.shiphero.com/graphql
,401 Client Error: UNAUTHORIZED for url: https://public-api.shiphero.com/graphql
,401 Client Error: UNAUTHORIZED for url: https://public-api.shiphero.com/graphql
,401 Client Error: UNAUTHORIZED for url: https://public-api.shiphero.com/graphql
,401 Client Error: UNAUTHORIZED for url: https://public-api.shiphero.com/graphql
,401 Client Error: UNAUTHORIZED for url: https://public-api.shiphero.com/graphql
,401 Client Error: UNAUTHORIZED for url: https://public-api.shiphero.com/graphql
,401 Client Error: UNAUTHORIZED for url: https://public-api.shiphero.com/graphql
,401 Client Error: UNAUTHORIZED for url: https://public-api.shiphero.com/graphql
,401 Client Error: UNAUTHORIZED for url: https://public-api.shiphero.com/graphql
,401 Client Error: UNAUTHORIZED for url: https://public-api.shiphero.com/graphql
,401 Client Error: UNAUTHORIZED for url: https://public-api.shiphero.com/graphql
,401 Client Error: UNAUTHORIZED for url: https://public-api.shiphero.com/graphql
,401 Client Error: UNAUTHORIZED for url: https://public-api.shiphero.com/graphql
,401 Client Error: UNAUTHORIZED for url: https://public-api.shiphero.com/graphql
,401 Client Error: UNAUTHORIZED for url: https://public-api.shiphero.com/graphql
,401 Client Error: UNAUTHORIZED for url: https://public-api.shiphero.com/graphql
,401 Client Error: UNAUTHORIZED for url: https://public-api.shiphero.com/graphql
,401 Client Error: UNAUTHORIZED for url: https://public-api.shiphero.com/graphql
,401 Client Error: UNAUTHORIZED for url: https://public-api.shiphero.com/graphql
,401 Client Error: UNAUTHORIZED for url: https://public-api.shiphero.com/graphql
,401 Client Error: UNAUTHORIZED for url: https://public-api.shiphero.com/graphql
,401 Client Error: UNAUTHORIZED for url: https://public-api.shiphero.com/graphql
,401 Client Error: UNAUTHORIZED for url: https://public-api.shiphero.com/graphql
,401 Client Error: UNAUTHORIZED for url: https://public-api.shiphero.com/graphql
,401 Client Error: UNAUTHORIZED for url: https://public-api.shiphero.com/graphql
,401 Client Error: UNAUTHORIZED for url: https://public-api.shiphero.com/graphql
,401 Client Error: UNAUTHORIZED for url: https://public-api.shiphero.com/graphql
,401 Client Error: UNAUTHORIZED for url: https://public-api.shiphero.com/graphql
,401 Client Error: UNAUTHORIZED for url: https://public-api.shiphero.com/graphql
,401 Client Error: UNAUTHORIZED for url: https://public-api.shiphero.com/graphql
,401 Client Error: UNAUTHORIZED for url: https://public-api.shiphero.com/graphql
,401 Client Error: UNAUTHORIZED for url: https://public-api.shiphero.com/graphql
,401 Client Error: UNAUTHORIZED for url: https://public-api.shiphero.com/graphql
,401 Client Error: UNAUTHORIZED for url: https://public-api.shiphero.com/graphql
,401 Client Error: UNAUTHORIZED for url: https://public-api.shiphero.com/graphql
,401 Client Error: UNAUTHORIZED for url: https://public-api.shiphero.com/graphql
,401 Client Error: UNAUTHORIZED for url: https://public-api.shiphero.com/graphql
,401 Client Error: UNAUTHORIZED for url: https://public-api.shiphero.com/graphql
,401 Client Error: UNAUTHORIZED for url: https://public-api.shiphero.com/graphql
,401 Client Error: UNAUTHORIZED for url: https://public-api.shiphero.com/graphql
,401 Client Error: UNAUTHORIZED for url: https://public-api.shiphero.com/graphql
,401 Client Error: UNAUTHORIZED for url: https://public-api.shiphero.com/graphql
,401 Client Error: UNAUTHORIZED for url: https://public-api.shiphero.com/graphql
,401 Client Error: UNAUTHORIZED for url: https://public-api.shiphero.com/graphql
,401 Client Error: UNAUTHORIZED for url: https://public-api.shiphero.com/graphql
,401 Client Error: UNAUTHORIZED for url: https://public-api.shiphero.com/graphql
,401 Client Error: UNAUTHORIZED for url: https://public-api.shiphero.com/graphql
,401 Client Error: UNAUTHORIZED for url: https://public-api.shiphero.com/graphql
,401 Client Error: UNAUTHORIZED for url: https://public-api.shiphero.com/graphql
,401 Client Error: UNAUTHORIZED for url: https://public-api.shiphero.com/graphql
,401 Client Error: UNAUTHORIZED for url: https://public-api.shiphero.com/graphql
,401 Client Error: UNAUTHORIZED for url: https://public-api.shiphero.com/graphql
,401 Client Error: UNAUTHORIZED for url: https://public-api.shiphero.com/graphql
,401 Client Error: UNAUTHORIZED for url: https://public-api.shiphero.com/graphql
,401 Client Error: UNAUTHORIZED for url: https://public-api.shiphero.com/graphql
,401 Client Error: UNAUTHORIZED for url: https://public-api.shiphero.com/graphql
,401 Client Error: UNAUTHORIZED for url: https://public-api.shiphero.com/graphql
,401 Client Error: UNAUTHORIZED for url: https://public-api.shiphero.com/graphql
,401 Client Error: UNAUTHORIZED for url: https://public-api.shiphero.com/graphql
,401 Client Error: UNAUTHORIZED for url: https://public-api.shiphero.com/graphql
,401 Client Error: UNAUTHORIZED for url: https://public-api.shiphero.com/graphql
,401 Client Error: UNAUTHORIZED for url: https://public-api.shiphero.com/graphql
,401 Client Error: UNAUTHORIZED for url: https://public-api.shiphero.com/graphql
,401 Client Error: UNAUTHORIZED for url: https://public-api.shiphero.com/graphql
,401 Client Error: UNAUTHORIZED for url: https://public-api.shiphero.com/graphql
,401 Client Error: UNAUTHORIZED for url: https://public-api.shiphero.com/graphql
,401 Client Error: UNAUTHORIZED for url: https://public-api.shiphero.com/graphql
,401 Client Error: UNAUTHORIZED for url: https://public-api.shiphero.com/graphql
,401 Client Error: UNAUTHORIZED for url: https://public-api.shiphero.com/graphql
,401 Client Error: UNAUTHORIZED for url: https://public-api.shiphero.com/graphql
,401 Client Error: UNAUTHORIZED for url: https://public-api.shiphero.com/graphql
,401 Client Error: UNAUTHORIZED for url: https://public-api.shiphero.com/graphql
,401 Client Error: UNAUTHORIZED for url: https://public-api.shiphero.com/graphql
,401 Client Error: UNAUTHORIZED for url: https://public-api.shiphero.com/graphql
,401 Client Error: UNAUTHORIZED for url: https://public-api.shiphero.com/graphql
,401 Client Error: UNAUTHORIZED for url: https://public-api.shiphero.com/graphql
,401 Client Error: UNAUTHORIZED for url: https://public-api.shiphero.com/graphql
,401 Client Error: UNAUTHORIZED for url: https://public-api.shiphero.com/graphql
,401 Client Error: UNAUTHORIZED for url: https://public-api.shiphero.com/graphql
,401 Client Error: UNAUTHORIZED for url: https://public-api.shiphero.com/graphql
,401 Client Error: UNAUTHORIZED for url: https://public-api.shiphero.com/graphql
,401 Client Error: UNAUTHORIZED for url: https://public-api.shiphero.com/graphql
,401 Client Error: UNAUTHORIZED for url: https://public-api.shiphero.com/graphql
,401 Client Error: UNAUTHORIZED for url: https://public-api.shiphero.com/graphql
,401 Client Error: UNAUTHORIZED for url: https://public-api.shiphero.com/graphql
,401 Client Error: UNAUTHORIZED for url: https://public-api.shiphero.com/graphql
,401 Client Error: UNAUTHORIZED for url: https://public-api.shiphero.com/graphql
,401 Client Error: UNAUTHORIZED for url: https://public-api.shiphero.com/graphql
,401 Client Error: UNAUTHORIZED for url: https://public-api.shiphero.com/graphql
,401 Client Error: UNAUTHORIZED for url: https://public-api.shiphero.com/graphql
,401 Client Error: UNAUTHORIZED for url: https://public-api.shiphero.com/graphql
,401 Client Error: UNAUTHORIZED for url: https://public-api.shiphero.com/graphql
,401 Client Error: UNAUTHORIZED for url: https://public-api.shiphero.com/graphql
,401 Client Error: UNAUTHORIZED for url: https://public-api.shiphero.com/graphql
,401 Client Error: UNAUTHORIZED for url: https://public-api.shiphero.com/graphql
,401 Client Error: UNAUTHORIZED for url: https://public-api.shiphero.com/graphql
,401 Client Error: UNAUTHORIZED for url: https://public-api.shiphero.com/graphql
,401 Client Error: UNAUTHORIZED for url: https://public-api.shiphero.com/graphql
,401 Client Error: UNAUTHORIZED for url: https://public-api.shiphero.com/graphql
,401 Client Error: UNAUTHORIZED for url: https://public-api.shiphero.com/graphql
,401 Client Error: UNAUTHORIZED for url: https://public-api.shiphero.com/graphql
,401 Client Error: UNAUTHORIZED for url: https://public-api.shiphero.com/graphql
,401 Client Error: UNAUTHORIZED for url: https://public-api.shiphero.com/graphql
,401 Client Error: UNAUTHORIZED for url: https://public-api.shiphero.com/graphql
,401 Client Error: UNAUTHORIZED for url: https://public-api.shiphero.com/graphql
,401 Client Error: UNAUTHORIZED for url: https://public-api.shiphero.com/graphql
,401 Client Error: UNAUTHORIZED for url: https://public-api.shiphero.com/graphql
,401 Client Error: UNAUTHORIZED for url: https://public-api.shiphero.com/graphql
,401 Client Error: UNAUTHORIZED for url: https://public-api.shiphero.com/graphql
,401 Client Error: UNAUTHORIZED for url: https://public-api.shiphero.com/graphql
,401 Client Error: UNAUTHORIZED for url: https://public-api.shiphero.com/graphql
,401 Client Error: UNAUTHORIZED for url: https://public-api.shiphero.com/graphql
,401 Client Error: UNAUTHORIZED for url: https://public-api.shiphero.com/graphql
,401 Client Error: UNAUTHORIZED for url: https://public-api.shiphero.com/graphql
,401 Client Error: UNAUTHORIZED for url: https://public-api.shiphero.com/graphql
,401 Client Error: UNAUTHORIZED for url: https://public-api.shiphero.com/graphql
,401 Client Error: UNAUTHORIZED for url: https://public-api.shiphero.com/graphql
,401 Client Error: UNAUTHORIZED for url: https://public-api.shiphero.com/graphql
,401 Client Error: UNAUTHORIZED for url: https://public-api.shiphero.com/graphql
,401 Client Error: UNAUTHORIZED for url: https://public-api.shiphero.com/graphql
,401 Client Error: UNAUTHORIZED for url: https://public-api.shiphero.com/graphql
,401 Client Error: UNAUTHORIZED for url: https://public-api.shiphero.com/graphql
,401 Client Error: UNAUTHORIZED for url: https://public-api.shiphero.com/graphql
,401 Client Error: UNAUTHORIZED for url: https://public-api.shiphero.com/graphql
,401 Client Error: UNAUTHORIZED for url: https://public-api.shiphero.com/graphql
,401 Client Error: UNAUTHORIZED for url: https://public-api.shiphero.com/graphql
,401 Client Error: UNAUTHORIZED for url: https://public-api.shiphero.com/graphql
,401 Client Error: UNAUTHORIZED for url: https://public-api.shiphero.com/graphql
,401 Client Error: UNAUTHORIZED for url: https://public-api.shiphero.com/graphql
,401 Client Error: UNAUTHORIZED for url: https://public-api.shiphero.com/graphql
,401 Client Error: UNAUTHORIZED for url: https://public-api.shiphero.com/graphql
,401 Client Error: UNAUTHORIZED for url: https://public-api.shiphero.com/graphql
,401 Client Error: UNAUTHORIZED for url: https://public-api.shiphero.com/graphql
,401 Client Error: UNAUTHORIZED for url: https://public-api.shiphero.com/graphql
,401 Client Error: UNAUTHORIZED for url: https://public-api.shiphero.com/graphql
,401 Client Error: UNAUTHORIZED for url: https://public-api.shiphero.com/graphql
,401 Client Error: UNAUTHORIZED for url: https://public-api.shiphero.com/graphql
,401 Client Error: UNAUTHORIZED for url: https://public-api.shiphero.com/graphql
,401 Client Error: UNAUTHORIZED for url: https://public-api.shiphero.com/graphql
,401 Client Error: UNAUTHORIZED for url: https://public-api.shiphero.com/graphql
,401 Client Error: UNAUTHORIZED for url: https://public-api.shiphero.com/graphql
,401 Client Error: UNAUTHORIZED for url: https://public-api.shiphero.com/graphql
,401 Client Error: UNAUTHORIZED for url: https://public-api.shiphero.com/graphql
,401 Client Error: UNAUTHORIZED for url: https://public-api.shiphero.com/graphql
,401 Client Error: UNAUTHORIZED for url: https://public-api.shiphero.com/graphql
,401 Client Error: UNAUTHORIZED for url: https://public-api.shiphero.com/graphql
,401 Client Error: UNAUTHORIZED for url: https://public-api.shiphero.com/graphql
,401 Client Error: UNAUTHORIZED for url: https://public-api.shiphero.com/graphql
,401 Client Error: UNAUTHORIZED for url: https://public-api.shiphero.com/graphql
,401 Client Error: UNAUTHORIZED for url: https://public-api.shiphero.com/graphql
,401 Client Error: UNAUTHORIZED for url: https://public-api.shiphero.com/graphql
,401 Client Error: UNAUTHORIZED for url: https://public-api.shiphero.com/graphql
,401 Client Error: UNAUTHORIZED for url: https://public-api.shiphero.com/graphql
,401 Client Error: UNAUTHORIZED for url: https://public-api.shiphero.com/graphql
,401 Client Error: UNAUTHORIZED for url: https://public-api.shiphero.com/graphql
,401 Client Error: UNAUTHORIZED for url: https://public-api.shiphero.com/graphql
,401 Client Error: UNAUTHORIZED for url: https://public-api.shiphero.com/graphql
,401 Client Error: UNAUTHORIZED for url: https://public-api.shiphero.com/graphql
,401 Client Error: UNAUTHORIZED for url: https://public-api.shiphero.com/graphql
,401 Client Error: UNAUTHORIZED for url: https://public-api.shiphero.com/graphql
,401 Client Error: UNAUTHORIZED for url: https://public-api.shiphero.com/graphql
,401 Client Error: UNAUTHORIZED for url: https://public-api.shiphero.com/graphql
,401 Client Error: UNAUTHORIZED for url: https://public-api.shiphero.com/graphql
,401 Client Error: UNAUTHORIZED for url: https://public-api.shiphero.com/graphql
,401 Client Error: UNAUTHORIZED for url: https://public-api.shiphero.com/graphql
,401 Client Error: UNAUTHORIZED for url: https://public-api.shiphero.com/graphql
,401 Client Error: UNAUTHORIZED for url: https://public-api.shiphero.com/graphql
,401 Client Error: UNAUTHORIZED for url: https://public-api.shiphero.com/graphql
,401 Client Error: UNAUTHORIZED for url: https://public-api.shiphero.com/graphql
,401 Client Error: UNAUTHORIZED for url: https://public-api.shiphero.com/graphql
,401 Client Error: UNAUTHORIZED for url: https://public-api.shiphero.com/graphql
,401 Client Error: UNAUTHORIZED for url: https://public-api.shiphero.com/graphql
,401 Client Error: UNAUTHORIZED for url: https://public-api.shiphero.com/graphql
,401 Client Error: UNAUTHORIZED for url: https://public-api.shiphero.com/graphql
,401 Client Error: UNAUTHORIZED for url: https://public-api.shiphero.com/graphql
,401 Client Error: UNAUTHORIZED for url: https://public-api.shiphero.com/graphql
,401 Client Error: UNAUTHORIZED for url: https://public-api.shiphero.com/graphql
,401 Client Error: UNAUTHORIZED for url: https://public-api.shiphero.com/graphql
,401 Client Error: UNAUTHORIZED for url: https://public-api.shiphero.com/graphql
,401 Client Error: UNAUTHORIZED for url: https://public-api.shiphero.com/graphql
,401 Client Error: UNAUTHORIZED for url: https://public-api.shiphero.com/graphql
,401 Client Error: UNAUTHORIZED for url: https://public-api.shiphero.com/graphql
,401 Client Error: UNAUTHORIZED for url: https://public-api.shiphero.com/graphql
,401 Client Error: UNAUTHORIZED for url: https://public-api.shiphero.com/graphql
,401 Client Error: UNAUTHORIZED for url: https://public-api.shiphero.com/graphql
,401 Client Error: UNAUTHORIZED for url: https://public-api.shiphero.com/graphql
,401 Client Error: UNAUTHORIZED for url: https://public-api.shiphero.com/graphql
,401 Client Error: UNAUTHORIZED for url: https://public-api.shiphero.com/graphql
,401 Client Error: UNAUTHORIZED for url: https://public-api.shiphero.com/graphql
,401 Client Error: UNAUTHORIZED for url: https://public-api.shiphero.com/graphql
,401 Client Error: UNAUTHORIZED for url: https://public-api.shiphero.com/graphql
,401 Client Error: UNAUTHORIZED for url: https://public-api.shiphero.com/graphql
,401 Client Error: UNAUTHORIZED for url: https://public-api.shiphero.com/graphql
,401 Client Error: UNAUTHORIZED for url: https://public-api.shiphero.com/graphql
,401 Client Error: UNAUTHORIZED for url: https://public-api.shiphero.com/graphql
,401 Client Error: UNAUTHORIZED for url: https://public-api.shiphero.com/graphql
,401 Client Error: UNAUTHORIZED for url: https://public-api.shiphero.com/graphql
,401 Client Error: UNAUTHORIZED for url: https://public-api.shiphero.com/graphql
,401 Client Error: UNAUTHORIZED for url: https://public-api.shiphero.com/graphql
,401 Client Error: UNAUTHORIZED for url: https://public-api.shiphero.com/graphql
,401 Client Error: UNAUTHORIZED for url: https://public-api.shiphero.com/graphql
,401 Client Error: UNAUTHORIZED for url: https://public-api.shiphero.com/graphql
,401 Client Error: UNAUTHORIZED for url: https://public-api.shiphero.com/graphql
,401 Client Error: UNAUTHORIZED for url: https://public-api.shiphero.com/graphql
,401 Client Error: UNAUTHORIZED for url: https://public-api.shiphero.com/graphql
,401 Client Error: UNAUTHORIZED for url: https://public-api.shiphero.com/graphql
,401 Client Error: UNAUTHORIZED for url: https://public-api.shiphero.com/graphql
,401 Client Error: UNAUTHORIZED for url: https://public-api.shiphero.com/graphql
,401 Client Error: UNAUTHORIZED for url: https://public-api.shiphero.com/graphql
,401 Client Error: UNAUTHORIZED for url: https://public-api.shiphero.com/graphql
,401 Client Error: UNAUTHORIZED for url: https://public-api.shiphero.com/graphql
,401 Client Error: UNAUTHORIZED for url: https://public-api.shiphero.com/graphql
,401 Client Error: UNAUTHORIZED for url: https://public-api.shiphero.com/graphql
,401 Client Error: UNAUTHORIZED for url: https://public-api.shiphero.com/graphql
,401 Client Error: UNAUTHORIZED for url: https://public-api.shiphero.com/graphql
,401 Client Error: UNAUTHORIZED for url: https://public-api.shiphero.com/graphql
,401 Client Error: UNAUTHORIZED for url: https://public-api.shiphero.com/graphql
,401 Client Error: UNAUTHORIZED for url: https://public-api.shiphero.com/graphql
,401 Client Error: UNAUTHORIZED for url: https://public-api.shiphero.com/graphql
,401 Client Error: UNAUTHORIZED for url: https://public-api.shiphero.com/graphql
,401 Client Error: UNAUTHORIZED for url: https://public-api.shiphero.com/graphql
,401 Client Error: UNAUTHORIZED for url: https://public-api.shiphero.com/graphql
,401 Client Error: UNAUTHORIZED for url: https://public-api.shiphero.com/graphql
,401 Client Error: UNAUTHORIZED for url: https://public-api.shiphero.com/graphql
,401 Client Error: UNAUTHORIZED for url: https://public-api.shiphero.com/graphql
,401 Client Error: UNAUTHORIZED for url: https://public-api.shiphero.com/graphql
,401 Client Error: UNAUTHORIZED for url: https://public-api.shiphero.com/graphql
,401 Client Error: UNAUTHORIZED for url: https://public-api.shiphero.com/graphql
,401 Client Error: UNAUTHORIZED for url: https://public-api.shiphero.com/graphql
,401 Client Error: UNAUTHORIZED for url: https://public-api.shiphero.com/graphql
,401 Client Error: UNAUTHORIZED for url: https://public-api.shiphero.com/graphql
,401 Client Error: UNAUTHORIZED for url: https://public-api.shiphero.com/graphql
,401 Client Error: UNAUTHORIZED for url: https://public-api.shiphero.com/graphql
,401 Client Error: UNAUTHORIZED for url: https://public-api.shiphero.com/graphql
,401 Client Error: UNAUTHORIZED for url: https://public-api.shiphero.com/graphql
,401 Client Error: UNAUTHORIZED for url: https://public-api.shiphero.com/graphql
,401 Client Error: UNAUTHORIZED for url: https://public-api.shiphero.com/graphql
,401 Client Error: UNAUTHORIZED for url: https://public-api.shiphero.com/graphql
,401 Client Error: UNAUTHORIZED for url: https://public-api.shiphero.com/graphql
,401 Client Error: UNAUTHORIZED for url: https://public-api.shiphero.com/graphql
,401 Client Error: UNAUTHORIZED for url: https://public-api.shiphero.com/graphql
,401 Client Error: UNAUTHORIZED for url: https://public-api.shiphero.com/graphql
,401 Client Error: UNAUTHORIZED for url: https://public-api.shiphero.com/graphql
,401 Client Error: UNAUTHORIZED for url: https://public-api.shiphero.com/graphql
,401 Client Error: UNAUTHORIZED for url: https://public-api.shiphero.com/graphql
,401 Client Error: UNAUTHORIZED for url: https://public-api.shiphero.com/graphql
,401 Client Error: UNAUTHORIZED for url: https://public-api.shiphero.com/graphql
,401 Client Error: UNAUTHORIZED for url: https://public-api.shiphero.com/graphql
,401 Client Error: UNAUTHORIZED for url: https://public-api.shiphero.com/graphql
,401 Client Error: UNAUTHORIZED for url: https://public-api.shiphero.com/graphql
,401 Client Error: UNAUTHORIZED for url: https://public-api.shiphero.com/graphql
,401 Client Error: UNAUTHORIZED for url: https://public-api.shiphero.com/graphql
,401 Client Error: UNAUTHORIZED for url: https://public-api.shiphero.com/graphql
,401 Client Error: UNAUTHORIZED for url: https://public-api.shiphero.com/graphql
,401 Client Error: UNAUTHORIZED for url: https://public-api.shiphero.com/graphql
,401 Client Error: UNAUTHORIZED for url: https://public-api.shiphero.com/graphql
,401 Client Error: UNAUTHORIZED for url: https://public-api.shiphero.com/graphql
,401 Client Error: UNAUTHORIZED for url: https://public-api.shiphero.com/graphql
,401 Client Error: UNAUTHORIZED for url: https://public-api.shiphero.com/graphql
,401 Client Error: UNAUTHORIZED for url: https://public-api.shiphero.com/graphql
,401 Client Error: UNAUTHORIZED for url: https://public-api.shiphero.com/graphql
,401 Client Error: UNAUTHORIZED for url: https://public-api.shiphero.com/graphql
,401 Client Error: UNAUTHORIZED for url: https://public-api.shiphero.com/graphql
,401 Client Error: UNAUTHORIZED for url: https://public-api.shiphero.com/graphql
,401 Client Error: UNAUTHORIZED for url: https://public-api.shiphero.com/graphql
,401 Client Error: UNAUTHORIZED for url: https://public-api.shiphero.com/graphql
,401 Client Error: UNAUTHORIZED for url: https://public-api.shiphero.com/graphql
,401 Client Error: UNAUTHORIZED for url: https://public-api.shiphero.com/graphql
,401 Client Error: UNAUTHORIZED for url: https://public-api.shiphero.com/graphql
,401 Client Error: UNAUTHORIZED for url: https://public-api.shiphero.com/graphql
,401 Client Error: UNAUTHORIZED for url: https://public-api.shiphero.com/graphql
,401 Client Error: UNAUTHORIZED for url: https://public-api.shiphero.com/graphql
,401 Client Error: UNAUTHORIZED for url: https://public-api.shiphero.com/graphql
,401 Client Error: UNAUTHORIZED for url: https://public-api.shiphero.com/graphql
,401 Client Error: UNAUTHORIZED for url: https://public-api.shiphero.com/graphql
,401 Client Error: UNAUTHORIZED for url: https://public-api.shiphero.com/graphql
,401 Client Error: UNAUTHORIZED for url: https://public-api.shiphero.com/graphql
,401 Client Error: UNAUTHORIZED for url: https://public-api.shiphero.com/graphql
,401 Client Error: UNAUTHORIZED for url: https://public-api.shiphero.com/graphql
,401 Client Error: UNAUTHORIZED for url: https://public-api.shiphero.com/graphql
,401 Client Error: UNAUTHORIZED for url: https://public-api.shiphero.com/graphql
,401 Client Error: UNAUTHORIZED for url: https://public-api.shiphero.com/graphql
,401 Client Error: UNAUTHORIZED for url: https://public-api.shiphero.com/graphql
,401 Client Error: UNAUTHORIZED for url: https://public-api.shiphero.com/graphql
,401 Client Error: UNAUTHORIZED for url: https://public-api.shiphero.com/graphql
,401 Client Error: UNAUTHORIZED for url: https://public-api.shiphero.com/graphql
,401 Client Error: UNAUTHORIZED for url: https://public-api.shiphero.com/graphql
,401 Client Error: UNAUTHORIZED for url: https://public-api.shiphero.com/graphql
,401 Client Error: UNAUTHORIZED for url: https://public-api.shiphero.com/graphql
,401 Client Error: UNAUTHORIZED for url: https://public-api.shiphero.com/graphql
,401 Client Error: UNAUTHORIZED for url: https://public-api.shiphero.com/graphql
,401 Client Error: UNAUTHORIZED for url: https://public-api.shiphero.com/graphql
,401 Client Error: UNAUTHORIZED for url: https://public-api.shiphero.com/graphql
,401 Client Error: UNAUTHORIZED for url: https://public-api.shiphero.com/graphql
,401 Client Error: UNAUTHORIZED for url: https://public-api.shiphero.com/graphql
,401 Client Error: UNAUTHORIZED for url: https://public-api.shiphero.com/graphql
,401 Client Error: UNAUTHORIZED for url: https://public-api.shiphero.com/graphql
,401 Client Error: UNAUTHORIZED for url: https://public-api.shiphero.com/graphql
,401 Client Error: UNAUTHORIZED for url: https://public-api.shiphero.com/graphql
,401 Client Error: UNAUTHORIZED for url: https://public-api.shiphero.com/graphql
,401 Client Error: UNAUTHORIZED for url: https://public-api.shiphero.com/graphql
,401 Client Error: UNAUTHORIZED for url: https://public-api.shiphero.com/graphql
,401 Client Error: UNAUTHORIZED for url: https://public-api.shiphero.com/graphql
,401 Client Error: UNAUTHORIZED for url: https://public-api.shiphero.com/graphql
,401 Client Error: UNAUTHORIZED for url: https://public-api.shiphero.com/graphql
,401 Client Error: UNAUTHORIZED for url: https://public-api.shiphero.com/graphql
,401 Client Error: UNAUTHORIZED for url: https://public-api.shiphero.com/graphql
,401 Client Error: UNAUTHORIZED for url: https://public-api.shiphero.com/graphql
,401 Client Error: UNAUTHORIZED for url: https://public-api.shiphero.com/graphql
,401 Client Error: UNAUTHORIZED for url: https://public-api.shiphero.com/graphql
,401 Client Error: UNAUTHORIZED for url: https://public-api.shiphero.com/graphql
,401 Client Error: UNAUTHORIZED for url: https://public-api.shiphero.com/graphql
,401 Client Error: UNAUTHORIZED for url: https://public-api.shiphero.com/graphql
,401 Client Error: UNAUTHORIZED for url: https://public-api.shiphero.com/graphql
,401 Client Error: UNAUTHORIZED for url: https://public-api.shiphero.com/graphql
,401 Client Error: UNAUTHORIZED for url: https://public-api.shiphero.com/graphql
,401 Client Error: UNAUTHORIZED for url: https://public-api.shiphero.com/graphql
,401 Client Error: UNAUTHORIZED for url: https://public-api.shiphero.com/graphql
,401 Client Error: UNAUTHORIZED for url: https://public-api.shiphero.com/graphql
,401 Client Error: UNAUTHORIZED for url: https://public-api.shiphero.com/graphql
,401 Client Error: UNAUTHORIZED for url: https://public-api.shiphero.com/graphql
,401 Client Error: UNAUTHORIZED for url: https://public-api.shiphero.com/graphql
,401 Client Error: UNAUTHORIZED for url: https://public-api.shiphero.com/graphql
,401 Client Error: UNAUTHORIZED for url: https://public-api.shiphero.com/graphql
,401 Client Error: UNAUTHORIZED for url: https://public-api.shiphero.com/graphql
,401 Client Error: UNAUTHORIZED for url: https://public-api.shiphero.com/graphql
,401 Client Error: UNAUTHORIZED for url: https://public-api.shiphero.com/graphql
,401 Client Error: UNAUTHORIZED for url: https://public-api.shiphero.com/graphql
,401 Client Error: UNAUTHORIZED for url: https://public-api.shiphero.com/graphql
,401 Client Error: UNAUTHORIZED for url: https://public-api.shiphero.com/graphql
,401 Client Error: UNAUTHORIZED for url: https://public-api.shiphero.com/graphql
,401 Client Error: UNAUTHORIZED for url: https://public-api.shiphero.com/graphql
,401 Client Error: UNAUTHORIZED for url: https://public-api.shiphero.com/graphql
,401 Client Error: UNAUTHORIZED for url: https://public-api.shiphero.com/graphql
,401 Client Error: UNAUTHORIZED for url: https://public-api.shiphero.com/graphql
,401 Client Error: UNAUTHORIZED for url: https://public-api.shiphero.com/graphql
,401 Client Error: UNAUTHORIZED for url: https://public-api.shiphero.com/graphql
,401 Client Error: UNAUTHORIZED for url: https://public-api.shiphero.com/graphql
,401 Client Error: UNAUTHORIZED for url: https://public-api.shiphero.com/graphql
,401 Client Error: UNAUTHORIZED for url: https://public-api.shiphero.com/graphql
,401 Client Error: UNAUTHORIZED for url: https://public-api.shiphero.com/graphql
,401 Client Error: UNAUTHORIZED for url: https://public-api.shiphero.com/graphql
,401 Client Error: UNAUTHORIZED for url: https://public-api.shiphero.com/graphql
,401 Client Error: UNAUTHORIZED for url: https://public-api.shiphero.com/graphql
,401 Client Error: UNAUTHORIZED for url: https://public-api.shiphero.com/graphql
,401 Client Error: UNAUTHORIZED for url: https://public-api.shiphero.com/graphql
,401 Client Error: UNAUTHORIZED for url: https://public-api.shiphero.com/graphql
,401 Client Error: UNAUTHORIZED for url: https://public-api.shiphero.com/graphql
,401 Client Error: UNAUTHORIZED for url: https://public-api.shiphero.com/graphql
,401 Client Error: UNAUTHORIZED for url: https://public-api.shiphero.com/graphql
,401 Client Error: UNAUTHORIZED for url: https://public-api.shiphero.com/graphql
,401 Client Error: UNAUTHORIZED for url: https://public-api.shiphero.com/graphql
,401 Client Error: UNAUTHORIZED for url: https://public-api.shiphero.com/graphql
,401 Client Error: UNAUTHORIZED for url: https://public-api.shiphero.com/graphql
,401 Client Error: UNAUTHORIZED for url: https://public-api.shiphero.com/graphql
,401 Client Error: UNAUTHORIZED for url: https://public-api.shiphero.com/graphql
,401 Client Error: UNAUTHORIZED for url: https://public-api.shiphero.com/graphql
,401 Client Error: UNAUTHORIZED for url: https://public-api.shiphero.com/graphql
,401 Client Error: UNAUTHORIZED for url: https://public-api.shiphero.com/graphql
,401 Client Error: UNAUTHORIZED for url: https://public-api.shiphero.com/graphql
,401 Client Error: UNAUTHORIZED for url: https://public-api.shiphero.com/graphql
,401 Client Error: UNAUTHORIZED for url: https://public-api.shiphero.com/graphql
,401 Client Error: UNAUTHORIZED for url: https://public-api.shiphero.com/graphql
,401 Client Error: UNAUTHORIZED for url: https://public-api.shiphero.com/graphql
,401 Client Error: UNAUTHORIZED for url: https://public-api.shiphero.com/graphql
,401 Client Error: UNAUTHORIZED for url: https://public-api.shiphero.com/graphql
,401 Client Error: UNAUTHORIZED for url: https://public-api.shiphero.com/graphql
,401 Client Error: UNAUTHORIZED for url: https://public-api.shiphero.com/graphql
,401 Client Error: UNAUTHORIZED for url: https://public-api.shiphero.com/graphql
,401 Client Error: UNAUTHORIZED for url: https://public-api.shiphero.com/graphql
,401 Client Error: UNAUTHORIZED for url: https://public-api.shiphero.com/graphql
,401 Client Error: UNAUTHORIZED for url: https://public-api.shiphero.com/graphql
,401 Client Error: UNAUTHORIZED for url: https://public-api.shiphero.com/graphql
,401 Client Error: UNAUTHORIZED for url: https://public-api.shiphero.com/graphql
,401 Client Error: UNAUTHORIZED for url: https://public-api.shiphero.com/graphql
,401 Client Error: UNAUTHORIZED for url: https://public-api.shiphero.com/graphql
,401 Client Error: UNAUTHORIZED for url: https://public-api.shiphero.com/graphql
,401 Client Error: UNAUTHORIZED for url: https://public-api.shiphero.com/graphql
,401 Client Error: UNAUTHORIZED for url: https://public-api.shiphero.com/graphql
,401 Client Error: UNAUTHORIZED for url: https://public-api.shiphero.com/graphql
,401 Client Error: UNAUTHORIZED for url: https://public-api.shiphero.com/graphql
,401 Client Error: UNAUTHORIZED for url: https://public-api.shiphero.com/graphql
,401 Client Error: UNAUTHORIZED for url: https://public-api.shiphero.com/graphql
,401 Client Error: UNAUTHORIZED for url: https://public-api.shiphero.com/graphql
,401 Client Error: UNAUTHORIZED for url: https://public-api.shiphero.com/graphql
,401 Client Error: UNAUTHORIZED for url: https://public-api.shiphero.com/graphql
,401 Client Error: UNAUTHORIZED for url: https://public-api.shiphero.com/graphql
,401 Client Error: UNAUTHORIZED for url: https://public-api.shiphero.com/graphql
,401 Client Error: UNAUTHORIZED for url: https://public-api.shiphero.com/graphql
,401 Client Error: UNAUTHORIZED for url: https://public-api.shiphero.com/graphql
,401 Client Error: UNAUTHORIZED for url: https://public-api.shiphero.com/graphql
,401 Client Error: UNAUTHORIZED for url: https://public-api.shiphero.com/graphql
,401 Client Error: UNAUTHORIZED for url: https://public-api.shiphero.com/graphql
,401 Client Error: UNAUTHORIZED for url: https://public-api.shiphero.com/graphql
,401 Client Error: UNAUTHORIZED for url: https://public-api.shiphero.com/graphql
,401 Client Error: UNAUTHORIZED for url: https://public-api.shiphero.com/graphql
,401 Client Error: UNAUTHORIZED for url: https://public-api.shiphero.com/graphql
,401 Client Error: UNAUTHORIZED for url: https://public-api.shiphero.com/graphql
,401 Client Error: UNAUTHORIZED for url: https://public-api.shiphero.com/graphql
,401 Client Error: UNAUTHORIZED for url: https://public-api.shiphero.com/graphql
,401 Client Error: UNAUTHORIZED for url: https://public-api.shiphero.com/graphql
,401 Client Error: UNAUTHORIZED for url: https://public-api.shiphero.com/graphql
,401 Client Error: UNAUTHORIZED for url: https://public-api.shiphero.com/graphql
,401 Client Error: UNAUTHORIZED for url: https://public-api.shiphero.com/graphql
,401 Client Error: UNAUTHORIZED for url: https://public-api.shiphero.com/graphql
,401 Client Error: UNAUTHORIZED for url: https://public-api.shiphero.com/graphql
,401 Client Error: UNAUTHORIZED for url: https://public-api.shiphero.com/graphql
,401 Client Error: UNAUTHORIZED for url: https://public-api.shiphero.com/graphql
,401 Client Error: UNAUTHORIZED for url: https://public-api.shiphero.com/graphql
,401 Client Error: UNAUTHORIZED for url: https://public-api.shiphero.com/graphql
,401 Client Error: UNAUTHORIZED for url: https://public-api.shiphero.com/graphql
,401 Client Error: UNAUTHORIZED for url: https://public-api.shiphero.com/graphql
,401 Client Error: UNAUTHORIZED for url: https://public-api.shiphero.com/graphql
,401 Client Error: UNAUTHORIZED for url: https://public-api.shiphero.com/graphql
,401 Client Error: UNAUTHORIZED for url: https://public-api.shiphero.com/graphql
,401 Client Error: UNAUTHORIZED for url: https://public-api.shiphero.com/graphql
,401 Client Error: UNAUTHORIZED for url: https://public-api.shiphero.com/graphql
,401 Client Error: UNAUTHORIZED for url: https://public-api.shiphero.com/graphql
,401 Client Error: UNAUTHORIZED for url: https://public-api.shiphero.com/graphql
,401 Client Error: UNAUTHORIZED for url: https://public-api.shiphero.com/graphql
,401 Client Error: UNAUTHORIZED for url: https://public-api.shiphero.com/graphql
,401 Client Error: UNAUTHORIZED for url: https://public-api.shiphero.com/graphql
,401 Client Error: UNAUTHORIZED for url: https://public-api.shiphero.com/graphql
,401 Client Error: UNAUTHORIZED for url: https://public-api.shiphero.com/graphql
,401 Client Error: UNAUTHORIZED for url: https://public-api.shiphero.com/graphql
,401 Client Error: UNAUTHORIZED for url: https://public-api.shiphero.com/graphql
,401 Client Error: UNAUTHORIZED for url: https://public-api.shiphero.com/graphql
,401 Client Error: UNAUTHORIZED for url: https://public-api.shiphero.com/graphql
,401 Client Error: UNAUTHORIZED for url: https://public-api.shiphero.com/graphql
,401 Client Error: UNAUTHORIZED for url: https://public-api.shiphero.com/graphql
,401 Client Error: UNAUTHORIZED for url: https://public-api.shiphero.com/graphql
,401 Client Error: UNAUTHORIZED for url: https://public-api.shiphero.com/graphql
,401 Client Error: UNAUTHORIZED for url: https://public-api.shiphero.com/graphql
,401 Client Error: UNAUTHORIZED for url: https://public-api.shiphero.com/graphql
,401 Client Error: UNAUTHORIZED for url: https://public-api.shiphero.com/graphql
,401 Client Error: UNAUTHORIZED for url: https://public-api.shiphero.com/graphql
,401 Client Error: UNAUTHORIZED for url: https://public-api.shiphero.com/graphql
,401 Client Error: UNAUTHORIZED for url: https://public-api.shiphero.com/graphql
,401 Client Error: UNAUTHORIZED for url: https://public-api.shiphero.com/graphql
,401 Client Error: UNAUTHORIZED for url: https://public-api.shiphero.com/graphql
,401 Client Error: UNAUTHORIZED for url: https://public-api.shiphero.com/graphql
,401 Client Error: UNAUTHORIZED for url: https://public-api.shiphero.com/graphql
,401 Client Error: UNAUTHORIZED for url: https://public-api.shiphero.com/graphql
,401 Client Error: UNAUTHORIZED for url: https://public-api.shiphero.com/graphql
,401 Client Error: UNAUTHORIZED for url: https://public-api.shiphero.com/graphql
,401 Client Error: UNAUTHORIZED for url: https://public-api.shiphero.com/graphql
,401 Client Error: UNAUTHORIZED for url: https://public-api.shiphero.com/graphql
,401 Client Error: UNAUTHORIZED for url: https://public-api.shiphero.com/graphql
,401 Client Error: UNAUTHORIZED for url: https://public-api.shiphero.com/graphql
,401 Client Error: UNAUTHORIZED for url: https://public-api.shiphero.com/graphql
,401 Client Error: UNAUTHORIZED for url: https://public-api.shiphero.com/graphql
,401 Client Error: UNAUTHORIZED for url: https://public-api.shiphero.com/graphql
,401 Client Error: UNAUTHORIZED for url: https://public-api.shiphero.com/graphql
,401 Client Error: UNAUTHORIZED for url: https://public-api.shiphero.com/graphql
,401 Client Error: UNAUTHORIZED for url: https://public-api.shiphero.com/graphql
,401 Client Error: UNAUTHORIZED for url: https://public-api.shiphero.com/graphql
,401 Client Error: UNAUTHORIZED for url: https://public-api.shiphero.com/graphql
,401 Client Error: UNAUTHORIZED for url: https://public-api.shiphero.com/graphql
,401 Client Error: UNAUTHORIZED for url: https://public-api.shiphero.com/graphql
,401 Client Error: UNAUTHORIZED for url: https://public-api.shiphero.com/graphql
,401 Client Error: UNAUTHORIZED for url: https://public-api.shiphero.com/graphql
,401 Client Error: UNAUTHORIZED for url: https://public-api.shiphero.com/graphql
,401 Client Error: UNAUTHORIZED for url: https://public-api.shiphero.com/graphql
,401 Client Error: UNAUTHORIZED for url: https://public-api.shiphero.com/graphql
,401 Client Error: UNAUTHORIZED for url: https://public-api.shiphero.com/graphql
,401 Client Error: UNAUTHORIZED for url: https://public-api.shiphero.com/graphql
,401 Client Error: UNAUTHORIZED for url: https://public-api.shiphero.com/graphql
,401 Client Error: UNAUTHORIZED for url: https://public-api.shiphero.com/graphql
,401 Client Error: UNAUTHORIZED for url: https://public-api.shiphero.com/graphql
,401 Client Error: UNAUTHORIZED for url: https://public-api.shiphero.com/graphql
,401 Client Error: UNAUTHORIZED for url: https://public-api.shiphero.com/graphql
,401 Client Error: UNAUTHORIZED for url: https://public-api.shiphero.com/graphql
,401 Client Error: UNAUTHORIZED for url: https://public-api.shiphero.com/graphql
,401 Client Error: UNAUTHORIZED for url: https://public-api.shiphero.com/graphql
,401 Client Error: UNAUTHORIZED for url: https://public-api.shiphero.com/graphql
,401 Client Error: UNAUTHORIZED for url: https://public-api.shiphero.com/graphql
,401 Client Error: UNAUTHORIZED for url: https://public-api.shiphero.com/graphql
,401 Client Error: UNAUTHORIZED for url: https://public-api.shiphero.com/graphql
,401 Client Error: UNAUTHORIZED for url: https://public-api.shiphero.com/graphql
,401 Client Error: UNAUTHORIZED for url: https://public-api.shiphero.com/graphql
,401 Client Error: UNAUTHORIZED for url: https://public-api.shiphero.com/graphql
,401 Client Error: UNAUTHORIZED for url: https://public-api.shiphero.com/graphql
,401 Client Error: UNAUTHORIZED for url: https://public-api.shiphero.com/graphql
,401 Client Error: UNAUTHORIZED for url: https://public-api.shiphero.com/graphql
,401 Client Error: UNAUTHORIZED for url: https://public-api.shiphero.com/graphql
,401 Client Error: UNAUTHORIZED for url: https://public-api.shiphero.com/graphql
,401 Client Error: UNAUTHORIZED for url: https://public-api.shiphero.com/graphql
,401 Client Error: UNAUTHORIZED for url: https://public-api.shiphero.com/graphql
,401 Client Error: UNAUTHORIZED for url: https://public-api.shiphero.com/graphql
,401 Client Error: UNAUTHORIZED for url: https://public-api.shiphero.com/graphql
,401 Client Error: UNAUTHORIZED for url: https://public-api.shiphero.com/graphql
,401 Client Error: UNAUTHORIZED for url: https://public-api.shiphero.com/graphql
,401 Client Error: UNAUTHORIZED for url: https://public-api.shiphero.com/graphql
,401 Client Error: UNAUTHORIZED for url: https://public-api.shiphero.com/graphql
,401 Client Error: UNAUTHORIZED for url: https://public-api.shiphero.com/graphql
,401 Client Error: UNAUTHORIZED for url: https://public-api.shiphero.com/graphql
,401 Client Error: UNAUTHORIZED for url: https://public-api.shiphero.com/graphql
,401 Client Error: UNAUTHORIZED for url: https://public-api.shiphero.com/graphql
,401 Client Error: UNAUTHORIZED for url: https://public-api.shiphero.com/graphql
,401 Client Error: UNAUTHORIZED for url: https://public-api.shiphero.com/graphql
,401 Client Error: UNAUTHORIZED for url: https://public-api.shiphero.com/graphql
,401 Client Error: UNAUTHORIZED for url: https://public-api.shiphero.com/graphql
,401 Client Error: UNAUTHORIZED for url: https://public-api.shiphero.com/graphql
,401 Client Error: UNAUTHORIZED for url: https://public-api.shiphero.com/graphql
,401 Client Error: UNAUTHORIZED for url: https://public-api.shiphero.com/graphql
,401 Client Error: UNAUTHORIZED for url: https://public-api.shiphero.com/graphql
,401 Client Error: UNAUTHORIZED for url: https://public-api.shiphero.com/graphql
,401 Client Error: UNAUTHORIZED for url: https://public-api.shiphero.com/graphql
,401 Client Error: UNAUTHORIZED for url: https://public-api.shiphero.com/graphql
,401 Client Error: UNAUTHORIZED for url: https://public-api.shiphero.com/graphql
,401 Client Error: UNAUTHORIZED for url: https://public-api.shiphero.com/graphql
,401 Client Error: UNAUTHORIZED for url: https://public-api.shiphero.com/graphql
,401 Client Error: UNAUTHORIZED for url: https://public-api.shiphero.com/graphql
,401 Client Error: UNAUTHORIZED for url: https://public-api.shiphero.com/graphql
,401 Client Error: UNAUTHORIZED for url: https://public-api.shiphero.com/graphql
,401 Client Error: UNAUTHORIZED for url: https://public-api.shiphero.com/graphql
,401 Client Error: UNAUTHORIZED for url: https://public-api.shiphero.com/graphql
,401 Client Error: UNAUTHORIZED for url: https://public-api.shiphero.com/graphql
,401 Client Error: UNAUTHORIZED for url: https://public-api.shiphero.com/graphql
,401 Client Error: UNAUTHORIZED for url: https://public-api.shiphero.com/graphql
,401 Client Error: UNAUTHORIZED for url: https://public-api.shiphero.com/graphql
,401 Client Error: UNAUTHORIZED for url: https://public-api.shiphero.com/graphql
,401 Client Error: UNAUTHORIZED for url: https://public-api.shiphero.com/graphql
,401 Client Error: UNAUTHORIZED for url: https://public-api.shiphero.com/graphql
,401 Client Error: UNAUTHORIZED for url: https://public-api.shiphero.com/graphql
,401 Client Error: UNAUTHORIZED for url: https://public-api.shiphero.com/graphql
,401 Client Error: UNAUTHORIZED for url: https://public-api.shiphero.com/graphql
,401 Client Error: UNAUTHORIZED for url: https://public-api.shiphero.com/graphql
,401 Client Error: UNAUTHORIZED for url: https://public-api.shiphero.com/graphql
,401 Client Error: UNAUTHORIZED for url: https://public-api.shiphero.com/graphql
,401 Client Error: UNAUTHORIZED for url: https://public-api.shiphero.com/graphql
,401 Client Error: UNAUTHORIZED for url: https://public-api.shiphero.com/graphql
,401 Client Error: UNAUTHORIZED for url: https://public-api.shiphero.com/graphql
,401 Client Error: UNAUTHORIZED for url: https://public-api.shiphero.com/graphql
,401 Client Error: UNAUTHORIZED for url: https://public-api.shiphero.com/graphql
,401 Client Error: UNAUTHORIZED for url: https://public-api.shiphero.com/graphql
,401 Client Error: UNAUTHORIZED for url: https://public-api.shiphero.com/graphql
,401 Client Error: UNAUTHORIZED for url: https://public-api.shiphero.com/graphql
,401 Client Error: UNAUTHORIZED for url: https://public-api.shiphero.com/graphql
