ID,Name,Domain Names,Tags,Created At,Updated At,Shared Tickets,Shared Comments,Group ID,External ID,Details,Notes
370403949113,1928 Jewelry Company,[],[],2020-05-22T19:34:14Z,2020-05-26T16:15:29Z,False,False,,,,
370403988833,1st State Home Heathcare Inc,[],[],2020-05-22T22:57:04Z,2020-05-26T17:13:37Z,False,False,,,,INACTIVE ACCOUNT
370403987193,382.com,[],['inactive'],2020-05-22T22:56:14Z,2020-05-26T17:17:02Z,False,False,,,,inactive
370381732274,A A Maillard J MD,[],[],2020-05-22T22:56:41Z,2020-05-22T22:56:41Z,False,False,,,,
370403989973,Abbott Laboratories,[],[],2020-05-22T22:57:39Z,2020-05-22T22:57:39Z,False,False,,,,
370381733974,ABCO Peerless Sprinkler,[],[],2020-05-22T22:57:38Z,2020-05-22T22:57:38Z,False,False,,,,
10450203638167,Acacia Inversiones,['acacia-inversiones.com'],[],2022-11-23T20:17:23Z,2022-11-23T20:17:33Z,False,False,,,,
370403986593,ACS Auxiliaries Group Inc,[],[],2020-05-22T22:55:56Z,2020-05-22T22:55:56Z,False,False,,,,
370381730914,Active Aero Charter,[],[],2020-05-22T22:56:03Z,2020-05-22T22:56:03Z,False,False,,,,
370381730734,"Advanced Cable Ties, Inc",[],[],2020-05-22T22:55:57Z,2020-05-22T22:55:57Z,False,False,,,,
370403989333,Advantech Online,[],[],2020-05-22T22:57:18Z,2020-05-22T22:57:18Z,False,False,,,,
370381733454,Aequor Technologies Inc,[],[],2020-05-22T22:57:23Z,2020-05-22T22:57:23Z,False,False,,,,
1500111587862,Agilitec,['agilitec.com'],[],2021-03-25T15:58:21Z,2021-03-25T15:58:21Z,False,False,,,,
370403949133,Aircraft Technical Publishers,[],[],2020-05-22T19:34:15Z,2020-05-22T19:34:15Z,False,False,,,,
370403988913,Alabama Custodiol Systems,[],[],2020-05-22T22:57:07Z,2020-05-22T22:57:07Z,False,False,,,,
370381730974,Alex Brands,[],[],2020-05-22T22:56:05Z,2020-05-22T22:56:05Z,False,False,,,,
370381733174,ALG Worldwide Logistics LLC,[],[],2020-05-22T22:57:15Z,2020-05-22T22:57:15Z,False,False,,,,
370403988693,All Automatic Transmission Rebuild,[],[],2020-05-22T22:57:00Z,2020-05-22T22:57:00Z,False,False,,,,
370403988113,All The Right Moves,[],[],2020-05-22T22:56:47Z,2020-05-22T22:56:47Z,False,False,,,,
370403990073,Allergy Asthma,[],[],2020-05-22T22:57:40Z,2020-05-22T22:57:40Z,False,False,,,,
370381732954,Allied Moulded Products Inc,[],[],2020-05-22T22:57:07Z,2020-05-22T22:57:07Z,False,False,,,,
370403987753,"Allied Moulded Products, Inc",[],[],2020-05-22T22:56:29Z,2020-05-22T22:56:29Z,False,False,,,,
370381731834,Allied Printing Svc Inc,[],[],2020-05-22T22:56:31Z,2020-05-22T22:56:31Z,False,False,,,,
370403988393,Allkirk Appliance Service Inc,[],[],2020-05-22T22:56:53Z,2020-05-22T22:56:53Z,False,False,,,,
370381668174,Americall International Inc,[],[],2020-05-22T19:34:15Z,2020-05-22T19:34:15Z,False,False,,,,
370403987693,American Electronic Warfare,[],[],2020-05-22T22:56:27Z,2020-05-22T22:56:27Z,False,False,,,,
370381731954,American Patriot Getaways,[],[],2020-05-22T22:56:34Z,2020-05-22T22:56:34Z,False,False,,,,
370403989113,Amplifier Research Corp.,[],[],2020-05-22T22:57:12Z,2020-05-22T22:57:12Z,False,False,,,,
370381730714,AMS Construction,[],[],2020-05-22T22:55:55Z,2020-05-22T22:55:55Z,False,False,,,,
370403988513,Anderson Forklift Supply Inc,[],[],2020-05-22T22:56:55Z,2020-05-22T22:56:55Z,False,False,,,,
1500346131222,Anthony Zabit,['anthony.com'],[],2021-04-21T16:33:17Z,2021-04-21T16:33:17Z,False,False,,,,
370403989193,Appalachian Regional Commission,[],[],2020-05-22T22:57:14Z,2020-05-22T22:57:14Z,False,False,,,,
370403987773,Applied Business Systems Inc,[],[],2020-05-22T22:56:31Z,2020-05-22T22:56:31Z,False,False,,,,
370381668194,Array Information Technology Inc,[],[],2020-05-22T19:34:16Z,2020-05-22T19:34:16Z,False,False,,,,
370403989293,Artcore Construction Inc,[],[],2020-05-22T22:57:17Z,2020-05-22T22:57:17Z,False,False,,,,
370381732294,Artis L Clark DDS,[],[],2020-05-22T22:56:41Z,2020-05-22T22:56:41Z,False,False,,,,
370381731134,Ascellon Corporation,[],[],2020-05-22T22:56:11Z,2020-05-22T22:56:11Z,False,False,,,,
370381730594,AT&T,[],[],2020-05-22T22:55:49Z,2020-05-22T22:55:49Z,False,False,,,,
370403949073,AT&T Sales Campaign  Test Co.,[],[],2020-05-22T19:34:13Z,2020-05-22T19:34:13Z,False,False,,,,
370403989753,Auburn Electrical Construction  Inc,[],[],2020-05-22T22:57:30Z,2020-05-22T22:57:30Z,False,False,,,,
370403989413,Avangard Innovative LP,[],[],2020-05-22T22:57:22Z,2020-05-22T22:57:22Z,False,False,,,,
370381731374,Azure Testing,[],[],2020-05-22T22:56:16Z,2020-05-22T22:56:16Z,False,False,,,,
370381732734,Baker Keith B Ltd,[],[],2020-05-22T22:56:57Z,2020-05-22T22:56:57Z,False,False,,,,
370381733994,Balance Technology,[],[],2020-05-22T22:57:38Z,2020-05-22T22:57:38Z,False,False,,,,
370539805914,Bandwidth,['bandwidth.com'],[],2020-10-21T16:39:22Z,2020-10-21T16:39:22Z,False,False,,,,
370403987153,Bandwidth.com,[],[],2020-05-22T22:56:12Z,2020-05-22T22:56:12Z,False,False,,,,
370403989953,Banner Health,[],[],2020-05-22T22:57:37Z,2020-05-22T22:57:37Z,False,False,,,,
370381732774,Barbosa Carb,[],[],2020-05-22T22:56:58Z,2020-05-22T22:56:58Z,False,False,,,,
370403988133,Bargain Center,[],[],2020-05-22T22:56:48Z,2020-05-22T22:56:48Z,False,False,,,,
370381731854,"Barnes, Dennig & Co.,Ltd",[],[],2020-05-22T22:56:31Z,2020-05-22T22:56:31Z,False,False,,,,
370403986853,Baron Capital Inc,[],[],2020-05-22T22:56:03Z,2020-05-22T22:56:03Z,False,False,,,,
370403987733,"Barrett & Singal, P.C",[],[],2020-05-22T22:56:29Z,2020-05-22T22:56:29Z,False,False,,,,
370403987913,"Baum, Hedlund, Aristei & Goldman A Professional Co",[],[],2020-05-22T22:56:37Z,2020-05-22T22:56:37Z,False,False,,,,
370403989553,BBC ELECTRICAL SERVICES INC,[],[],2020-05-22T22:57:26Z,2020-05-22T22:57:26Z,False,False,,,,
370403988013,Best Choice Fashion,[],[],2020-05-22T22:56:43Z,2020-05-22T22:56:43Z,False,False,,,,
370403989633,Big D Construction Corp,[],[],2020-05-22T22:57:28Z,2020-05-22T22:57:28Z,False,False,,,,
370381732974,Biskner's Body Shop,[],[],2020-05-22T22:57:08Z,2020-05-22T22:57:08Z,False,False,,,,
370403989613,Black Plumbing Co Inc,[],[],2020-05-22T22:57:27Z,2020-05-22T22:57:27Z,False,False,,,,
370403987013,Blakely Products Company,[],[],2020-05-22T22:56:08Z,2020-05-22T22:56:08Z,False,False,,,,
370381668214,Blue Water Technologies Inc,[],[],2020-05-22T19:34:17Z,2020-05-22T19:34:17Z,False,False,,,,
370403986693,"Boon Edam, Inc",[],[],2020-05-22T22:55:59Z,2020-05-22T22:55:59Z,False,False,,,,
370381731234,Bouchon 6floor Retail office RU606A,[],[],2020-05-22T22:56:12Z,2020-05-22T22:56:12Z,False,False,,,,
370381668234,Brandtransact,[],[],2020-05-22T19:34:18Z,2020-05-22T19:34:18Z,False,False,,,,
370403987713,"Braxton Technologies, LLC",[],[],2020-05-22T22:56:28Z,2020-05-22T22:56:28Z,False,False,,,,
370403988793,Brenda's Stay & Play,[],[],2020-05-22T22:57:04Z,2020-05-22T22:57:04Z,False,False,,,,
370403987293,Broadsoft,[],[],2020-05-22T22:56:17Z,2020-05-22T22:56:17Z,False,False,,,,
370381732314,BROADWAY PIZZA,[],[],2020-05-22T22:56:42Z,2020-05-22T22:56:42Z,False,False,,,,
370403949093,"Browz, LLC",[],[],2020-05-22T19:34:14Z,2020-05-22T19:34:14Z,False,False,,,,
370381734094,Bruckner,[],[],2020-05-22T22:57:42Z,2020-05-22T22:57:42Z,False,False,,,,
370381732254,Bruno's Italian Restaurant,[],[],2020-05-22T22:56:40Z,2020-05-22T22:56:40Z,False,False,,,,
370403988193,Buff's Car Wash & Detail Center,[],[],2020-05-22T22:56:50Z,2020-05-22T22:56:50Z,False,False,,,,
370403986973,Builders Hardware & Supply Co,[],[],2020-05-22T22:56:06Z,2020-05-22T22:56:06Z,False,False,,,,
370403988633,Burger Box,[],[],2020-05-22T22:56:59Z,2020-05-22T22:56:59Z,False,False,,,,
370381733014,Burning Bonzai,[],[],2020-05-22T22:57:09Z,2020-05-22T22:57:09Z,False,False,,,,
370381733354,BVK,[],[],2020-05-22T22:57:19Z,2020-05-22T22:57:19Z,False,False,,,,
370381731514,By Design Collective,[],[],2020-05-22T22:56:19Z,2020-05-22T22:56:19Z,False,False,,,,
370403989673,C A McCann & Sons Inc,[],[],2020-05-22T22:57:28Z,2020-05-22T22:57:28Z,False,False,,,,
370381732054,"Cannella Response Television, LLC",[],[],2020-05-22T22:56:36Z,2020-05-22T22:56:36Z,False,False,,,,
370403988973,Carniceria Los Molcajetes,[],[],2020-05-22T22:57:09Z,2020-05-22T22:57:09Z,False,False,,,,
370403989853,Cascade Hardwoods LLC,[],[],2020-05-22T22:57:34Z,2020-05-22T22:57:34Z,False,False,,,,
370403988873,Cash Paneling and Building Supply Inc,[],[],2020-05-22T22:57:05Z,2020-05-22T22:57:05Z,False,False,,,,
370381668074,Catchall,[],[],2020-05-22T19:34:10Z,2020-10-12T21:40:49Z,False,False,,,,
370381732914,Ceiling Tile Service,[],[],2020-05-22T22:57:06Z,2020-05-22T22:57:06Z,False,False,,,,
370403986233,Century Link,[],[],2020-05-22T22:55:49Z,2020-05-22T22:55:49Z,False,False,,,,
370403986253,Century Link - Fiber,[],[],2020-05-22T22:55:50Z,2020-05-22T22:55:50Z,False,False,,,,
4640489451799,Chain-bridge,['chain-bridge.com'],[],2022-03-08T22:03:35Z,2022-03-08T22:03:35Z,False,False,,,,
4831538242327,Chainbridgesolutions,['chainbridgesolutions.com'],[],2022-03-17T17:55:50Z,2022-03-17T17:55:50Z,False,False,,,,
370403987453,"Charlotte Russe Holding, Inc",[],[],2020-05-22T22:56:20Z,2020-05-22T22:56:20Z,False,False,,,,
370381730614,Charter,[],[],2020-05-22T22:55:50Z,2020-05-22T22:55:50Z,False,False,,,,
370381668094,Charter Cable,[],[],2020-05-22T19:34:11Z,2020-05-22T19:34:11Z,False,False,,,,
370381733794,Charter Express,[],[],2020-05-22T22:57:33Z,2020-05-22T22:57:33Z,False,False,,,,
370381731634,Childrens Study Home,[],[],2020-05-22T22:56:23Z,2020-05-22T22:56:23Z,False,False,,,,
370381732934,Chinatown Restaurant,[],[],2020-05-22T22:57:06Z,2020-05-22T22:57:06Z,False,False,,,,
370403988753,Cindy Lam Income Tax Service,[],[],2020-05-22T22:57:03Z,2020-05-22T22:57:03Z,False,False,,,,
370381731334,Cisco,[],[],2020-05-22T22:56:15Z,2020-05-22T22:56:15Z,False,False,,,,
6198193470487,Cisco Support,['cisco.com'],[],2022-05-19T17:46:00Z,2022-05-19T17:46:00Z,False,False,,,,
370403949173,ClickFox Inc,['brytercx.com'],[],2020-05-22T19:34:18Z,2020-10-12T23:54:54Z,False,False,,,,
370403989093,Client Solution Architects LLC,[],[],2020-05-22T22:57:11Z,2020-05-22T22:57:11Z,False,False,,,,
370403987493,"CMC Steel South Carolina Co, Inc.",[],[],2020-05-22T22:56:21Z,2020-05-22T22:56:21Z,False,False,,,,
370381731714,Coastal Pacific Food Distributors Inc.,[],[],2020-05-22T22:56:28Z,2020-05-22T22:56:28Z,False,False,,,,
370403986873,Cold Chain Technologies,[],[],2020-05-22T22:56:04Z,2020-05-22T22:56:04Z,False,False,,,,
370403986273,Columbus,[],[],2020-05-22T22:55:50Z,2020-05-22T22:55:50Z,False,False,,,,
370381668114,Comcast,[],[],2020-05-22T19:34:12Z,2020-05-22T19:34:12Z,False,False,,,,
370403990033,Compass Operating,[],[],2020-05-22T22:57:40Z,2020-05-22T22:57:40Z,False,False,,,,
370403988673,COMPREHENSIVE MENTAL HEALTH SERVICES,[],[],2020-05-22T22:57:00Z,2020-05-22T22:57:00Z,False,False,,,,
370585251773,COMPSYS,['answerfone.com'],[],2020-11-24T23:11:24Z,2020-11-24T23:11:24Z,False,False,,,,
370381732174,Concierge Unlimited Inc,[],[],2020-05-22T22:56:38Z,2020-05-22T22:56:38Z,False,False,,,,
370403989693,ConnectLeader LLC,[],[],2020-05-22T22:57:29Z,2020-05-22T22:57:29Z,False,False,,,,
370381668034,ConnectWise,[],[],2020-05-22T19:34:09Z,2020-05-22T19:34:09Z,False,False,,,,
370381733514,Constellation Technology Corp,[],[],2020-05-22T22:57:24Z,2020-05-22T22:57:24Z,False,False,,,,
370381734014,Contoso Ltd.,[],[],2020-05-22T22:57:38Z,2020-05-22T22:57:38Z,False,False,,,,
370381733694,Copiers Northwest Inc,[],[],2020-05-22T22:57:30Z,2020-05-22T22:57:30Z,False,False,,,,
370403988993,Country Cafe,[],[],2020-05-22T22:57:09Z,2020-05-22T22:57:09Z,False,False,,,,
370403986293,COX,[],[],2020-05-22T22:55:51Z,2020-05-22T22:55:51Z,False,False,,,,
370381732654,Creative Gutter Inc,[],[],2020-05-22T22:56:54Z,2020-05-22T22:56:54Z,False,False,,,,
370403987873,"Cristek Interconnects, Inc",[],[],2020-05-22T22:56:33Z,2020-05-22T22:56:33Z,False,False,,,,
370381733074,"Croell, Inc",[],[],2020-05-22T22:57:12Z,2020-05-22T22:57:12Z,False,False,,,,
370403986313,Crown Castle Fiber,[],[],2020-05-22T22:55:51Z,2020-05-22T22:55:51Z,False,False,,,,
370381733754,CSA Group,[],[],2020-05-22T22:57:32Z,2020-05-22T22:57:32Z,False,False,,,,
370403987893,"Cumberland Farms, Inc",[],[],2020-05-22T22:56:34Z,2020-05-22T22:56:34Z,False,False,,,,
370566720774,Customermarketinggroup,['customermarketinggroup.com'],[],2020-12-04T19:22:35Z,2020-12-04T19:22:35Z,False,False,,,,
370381697894,d4DemoCompany,['d4demo.com'],[],2020-05-22T21:14:15Z,2020-05-22T21:14:15Z,False,False,,,,
370403988173,Dac Phuc Restaurant,[],[],2020-05-22T22:56:49Z,2020-05-22T22:56:49Z,False,False,,,,
370381733614,Dakota Distributing LP,[],[],2020-05-22T22:57:27Z,2020-05-22T22:57:27Z,False,False,,,,
370381730754,Darragh Company,[],[],2020-05-22T22:55:58Z,2020-05-22T22:55:58Z,False,False,,,,
370403949213,Data Projections Inc,[],[],2020-05-22T19:34:19Z,2020-05-22T19:34:19Z,False,False,,,,
13288618538007,DCI,['dcionline.onmicrosoft.com'],[],2023-03-22T16:01:48Z,2023-03-22T16:01:48Z,False,False,,,,
370403949233,DCI Holdings Inc,[],[],2020-05-22T19:34:20Z,2020-05-22T19:34:20Z,False,False,,,,
370403987093,Decisive Analytics Corporation,[],[],2020-05-22T22:56:09Z,2020-05-22T22:56:09Z,False,False,,,,
370381732354,Delstar Products,[],[],2020-05-22T22:56:43Z,2020-05-22T22:56:43Z,False,False,,,,
370381732414,Deluxe Home Comfort,[],[],2020-05-22T22:56:46Z,2020-05-22T22:56:46Z,False,False,,,,
370403987053,Desimone Consulting Engineering Group LLC,[],[],2020-05-22T22:56:09Z,2020-05-22T22:56:09Z,False,False,,,,
370403989313,Digitalarity,[],[],2020-05-22T22:57:18Z,2020-05-22T22:57:18Z,False,False,,,,
370403949053,Dimension4,[],['active'],2020-05-22T19:34:09Z,2020-08-24T18:38:38Z,False,False,,,,
370381732994,Distinguished Gentlemen,[],[],2020-05-22T22:57:08Z,2020-05-22T22:57:08Z,False,False,,,,
370381673214,Divers Alert Network Inc,[],[],2020-05-22T19:48:32Z,2020-05-22T19:48:32Z,False,False,,,,
370381733894,Downing Enterprises Inc,[],[],2020-05-22T22:57:36Z,2020-05-22T22:57:36Z,False,False,,,,
370403985813,Duart Mull,[],[],2020-05-22T22:55:32Z,2020-05-22T22:55:32Z,False,False,,,,
370381731934,Dufour Laskay & Strouse Inc,[],[],2020-05-22T22:56:34Z,2020-05-22T22:56:34Z,False,False,,,,
370381731274,"Dufour, Laskay, & Strouse, Inc",[],[],2020-05-22T22:56:13Z,2020-05-22T22:56:13Z,False,False,,,,
370403987533,E-Technologies Group,[],[],2020-05-22T22:56:24Z,2020-05-22T22:56:24Z,False,False,,,,
370381733594,Eagle Beverage & Snack Foods Company Inc.,[],[],2020-05-22T22:57:27Z,2020-05-22T22:57:27Z,False,False,,,,
370403986893,Eastern Communications Ltd,[],[],2020-05-22T22:56:04Z,2020-05-22T22:56:04Z,False,False,,,,
370403987253,Eastwind,[],[],2020-05-22T22:56:15Z,2020-05-22T22:56:15Z,False,False,,,,
370403985833,Eclipse Flooring (Arizona) - Do Not Use,[],[],2020-05-22T22:55:32Z,2020-05-22T22:55:32Z,False,False,,,,
370403985853,Eclipse Flooring Inc,[],[],2020-05-22T22:55:33Z,2020-05-22T22:55:33Z,False,False,,,,
370381732154,Edtec Inc,[],[],2020-05-22T22:56:37Z,2020-05-22T22:56:37Z,False,False,,,,
370403988233,El Progreso,[],[],2020-05-22T22:56:51Z,2020-05-22T22:56:51Z,False,False,,,,
370403989933,Elite Modern,[],[],2020-05-22T22:57:36Z,2020-05-22T22:57:36Z,False,False,,,,
370403988953,"Employee Benefit Solutions, Inc",[],[],2020-05-22T22:57:08Z,2020-05-22T22:57:08Z,False,False,,,,
370381731694,Encore Electric,[],[],2020-05-22T22:56:27Z,2020-05-22T22:56:27Z,False,False,,,,
370381734074,Epilepsy,[],[],2020-05-22T22:57:42Z,2020-05-22T22:57:42Z,False,False,,,,
370403988853,ESCAPE NAIL SPA,[],[],2020-05-22T22:57:04Z,2020-05-22T22:57:04Z,False,False,,,,
1500078075442,Eta,['eta.com'],[],2021-03-15T15:32:17Z,2021-03-15T15:32:17Z,False,False,,,,
370381730554,Every Level of Sucess Inc,[],[],2020-05-22T22:55:47Z,2020-05-22T22:55:47Z,False,False,,,,
370381731074,"Exeltech Consulting, Inc",[],[],2020-05-22T22:56:07Z,2020-05-22T22:56:07Z,False,False,,,,
370381730194,Fabtex,[],[],2020-05-22T22:55:33Z,2020-05-22T22:55:33Z,False,False,,,,
370381730214,Fairwinds,"['fairwindestatewinery.com', 'fewinery.com']",[],2020-05-22T22:55:34Z,2020-07-16T21:01:40Z,False,False,,,,
370403988273,Famous Burgers Cafe,[],[],2020-05-22T22:56:51Z,2020-05-22T22:56:51Z,False,False,,,,
1500491900002,Fhcingenieros,['fhcingenieros.com'],[],2021-07-29T15:39:39Z,2021-07-29T15:39:39Z,False,False,,,,
370403988733,FINE FAIR FOOD & LIQUORS,[],[],2020-05-22T22:57:03Z,2020-05-22T22:57:03Z,False,False,,,,
370403987953,First School Montessori,[],[],2020-05-22T22:56:39Z,2020-05-22T22:56:39Z,False,False,,,,
370403989253,First Source Electrical LLC,[],[],2020-05-22T22:57:16Z,2020-05-22T22:57:16Z,False,False,,,,
370381732374,Five Points Grocery Inc,[],[],2020-05-22T22:56:43Z,2020-05-22T22:56:43Z,False,False,,,,
370403986753,"Form-A-Feed, Inc",[],[],2020-05-22T22:56:00Z,2020-05-22T22:56:00Z,False,False,,,,
370403989833,Fort Worth Beauty School Inc,[],[],2020-05-22T22:57:33Z,2020-05-22T22:57:33Z,False,False,,,,
370403990113,Four Corners,[],[],2020-05-22T22:57:42Z,2020-05-22T22:57:42Z,False,False,,,,
370403989073,Freight Handlers Inc.,[],[],2020-05-22T22:57:11Z,2020-05-22T22:57:11Z,False,False,,,,
370403986333,Frontier,[],[],2020-05-22T22:55:51Z,2020-05-22T22:55:51Z,False,False,,,,
370381732854,G T & Y Utility District,[],[],2020-05-22T22:57:05Z,2020-05-22T22:57:05Z,False,False,,,,
370381732814,G T Y Utility District,[],[],2020-05-22T22:57:02Z,2020-05-22T22:57:02Z,False,False,,,,
370381732694,Gate Way Acadamy,[],[],2020-05-22T22:56:55Z,2020-05-22T22:56:55Z,False,False,,,,
370381732834,Gate Way Academy,[],[],2020-05-22T22:57:02Z,2020-05-22T22:57:02Z,False,False,,,,
370381731434,GCR Inc,[],[],2020-05-22T22:56:18Z,2020-05-22T22:56:18Z,False,False,,,,
370403986713,"Gemini Industries, Inc",[],[],2020-05-22T22:56:00Z,2020-05-22T22:56:00Z,False,False,,,,
370403989713,General Glass International Corp,[],[],2020-05-22T22:57:29Z,2020-05-22T22:57:29Z,False,False,,,,
370381731114,"Geo Dynamics, Inc",[],[],2020-05-22T22:56:08Z,2020-05-22T22:56:08Z,False,False,,,,
370381732074,Global Innovation Corp,[],[],2020-05-22T22:56:36Z,2020-05-22T22:56:36Z,False,False,,,,
370381673234,Global Tracks,[],['active'],2020-05-22T19:48:33Z,2020-08-21T20:02:26Z,False,False,,,,
370381732554,Golden Jewelry Design & Repair,[],[],2020-05-22T22:56:49Z,2020-05-22T22:56:49Z,False,False,,,,
370381730794,Gorsuch,[],[],2020-05-22T22:55:58Z,2020-05-22T22:55:58Z,False,False,,,,
370403989373,Granite Precasting & Concrete,[],[],2020-05-22T22:57:20Z,2020-05-22T22:57:20Z,False,False,,,,
370403988933,H.T. Harvey & Associates Ecological Consultants,[],[],2020-05-22T22:57:07Z,2020-05-22T22:57:07Z,False,False,,,,
370381730234,Hampton Products International Corporation,[],[],2020-05-22T22:55:34Z,2020-05-22T22:55:34Z,False,False,,,,
370381731814,Hardinge Inc,[],[],2020-05-22T22:56:31Z,2020-05-22T22:56:31Z,False,False,,,,
370381733774,Hemaq America LLC,[],[],2020-05-22T22:57:33Z,2020-05-22T22:57:33Z,False,False,,,,
370403987653,High Reach Co,[],[],2020-05-22T22:56:26Z,2020-05-22T22:56:26Z,False,False,,,,
370381730814,"Hohl Industrial Services, Inc",[],[],2020-05-22T22:55:59Z,2020-05-22T22:55:59Z,False,False,,,,
370403988293,Holt's Mobile Home Court & Sales,[],[],2020-05-22T22:56:51Z,2020-05-22T22:56:51Z,False,False,,,,
370403988093,HOLY TRINITY LUTHERAN CHURCH,[],[],2020-05-22T22:56:46Z,2020-05-22T22:56:46Z,False,False,,,,
370381731474,Horizons Engineering,[],[],2020-05-22T22:56:18Z,2020-05-22T22:56:18Z,False,False,,,,
370381731314,Host.net,[],[],2020-05-22T22:56:14Z,2020-05-22T22:56:14Z,False,False,,,,
370403986353,HotWire/Fision networks,[],[],2020-05-22T22:55:52Z,2020-05-22T22:55:52Z,False,False,,,,
370403986373,IBW,[],[],2020-05-22T22:55:52Z,2020-05-22T22:55:52Z,False,False,,,,
370403989733,Incobrasa Industries Ltd,[],[],2020-05-22T22:57:29Z,2020-05-22T22:57:29Z,False,False,,,,
370403985873,Incroud,[],[],2020-05-22T22:55:35Z,2020-05-22T22:55:35Z,False,False,,,,
370403989593,Industrial & Environmental Concepts Inc,[],[],2020-05-22T22:57:26Z,2020-05-22T22:57:26Z,False,False,,,,
370403987433,Ingram Micro,[],[],2020-05-22T22:56:20Z,2020-05-22T22:56:20Z,False,False,,,,
370403989533,Inland Environments Ltd,[],[],2020-05-22T22:57:25Z,2020-05-22T22:57:25Z,False,False,,,,
370381733494,IntelliDyne LLC,[],[],2020-05-22T22:57:23Z,2020-05-22T22:57:23Z,False,False,,,,
370381734034,IntercreditBank,[],[],2020-05-22T22:57:39Z,2020-05-22T22:57:39Z,False,False,,,,
370403985893,ISM Inc,[],[],2020-05-22T22:55:35Z,2020-05-22T22:55:35Z,False,False,,,,
370381732214,J V Radiator Shop,[],[],2020-05-22T22:56:38Z,2020-05-22T22:56:38Z,False,False,,,,
370403986833,"Janus International Group, LLC",[],[],2020-05-22T22:56:02Z,2020-05-22T22:56:02Z,False,False,,,,
370381733734,JC Lewis Ford,[],[],2020-05-22T22:57:32Z,2020-05-22T22:57:32Z,False,False,,,,
370381733874,JJW Construction Inc,[],[],2020-05-22T22:57:36Z,2020-05-22T22:57:36Z,False,False,,,,
370508054934,Jmcpa,['jmcpa.com'],[],2020-10-07T17:51:28Z,2020-10-07T17:51:28Z,False,False,,,,
370381732094,Jobaps Inc.,[],[],2020-05-22T22:56:37Z,2020-05-22T22:56:37Z,False,False,,,,
370381730254,John Casablancas,[],[],2020-05-22T22:55:35Z,2020-05-22T22:55:35Z,False,False,,,,
370381734054,Johnson Miller,[],[],2020-05-22T22:57:41Z,2020-05-22T22:57:41Z,False,False,,,,
370381732874,Jrok inc,[],[],2020-05-22T22:57:05Z,2020-05-22T22:57:05Z,False,False,,,,
370403988413,Juarez Car Audio,[],[],2020-05-22T22:56:53Z,2020-05-22T22:56:53Z,False,False,,,,
370403986813,"Juneau Associates, Inc, P.C",[],[],2020-05-22T22:56:02Z,2020-05-22T22:56:02Z,False,False,,,,
370403989393,Karl Tyler Chevrolet,[],[],2020-05-22T22:57:21Z,2020-05-22T22:57:21Z,False,False,,,,
370381733334,Kaufman & Canoles PC,[],[],2020-05-22T22:57:19Z,2020-05-22T22:57:19Z,False,False,,,,
370381733394,Kaufman and Canoles PC,[],[],2020-05-22T22:57:20Z,2020-05-22T22:57:20Z,False,False,,,,
370403989873,Kelleher Construction,[],[],2020-05-22T22:57:34Z,2020-05-22T22:57:34Z,False,False,,,,
370381733054,Keller and Heckman LLP,[],[],2020-05-22T22:57:10Z,2020-05-22T22:57:10Z,False,False,,,,
370403985913,Kennebec River Biosciences,[],[],2020-05-22T22:55:36Z,2020-05-22T22:55:36Z,False,False,,,,
370381733574,Kent Ottawa Insurance Agency Inc,[],[],2020-05-22T22:57:27Z,2020-05-22T22:57:27Z,False,False,,,,
370381731094,KTGY Architecture + Planning,[],[],2020-05-22T22:56:07Z,2020-05-22T22:56:07Z,False,False,,,,
1500101662041,Kymadvisors,['kymadvisors.net'],[],2021-03-24T17:59:48Z,2021-03-24T17:59:48Z,False,False,,,,
370403989233,L I Smith & Associates Inc,[],[],2020-05-22T22:57:15Z,2020-05-22T22:57:15Z,False,False,,,,
370403990133,"LaborStacks, LLC",[],[],2020-05-22T22:57:42Z,2020-05-22T22:57:42Z,False,False,,,,
370403989773,Lakeview Construction Inc,[],[],2020-05-22T22:57:31Z,2020-05-22T22:57:31Z,False,False,,,,
370403988453,Landmark Mortgage Lending,[],[],2020-05-22T22:56:54Z,2020-05-22T22:56:54Z,False,False,,,,
370403989053,"Landvest, Inc",[],[],2020-05-22T22:57:11Z,2020-05-22T22:57:11Z,False,False,,,,
370381730274,Lasertel,[],[],2020-05-22T22:55:36Z,2020-05-22T22:55:36Z,False,False,,,,
370403988893,Laurel & Associates,[],[],2020-05-22T22:57:06Z,2020-05-22T22:57:06Z,False,False,,,,
370381673254,Lawn.com,[],[],2020-05-22T19:48:33Z,2020-05-22T19:48:33Z,False,False,,,,
370381731154,LBM Advantage Inc,[],[],2020-05-22T22:56:11Z,2020-05-22T22:56:11Z,False,False,,,,
370403985933,LCS Financial,[],[],2020-05-22T22:55:36Z,2020-05-22T22:55:36Z,False,False,,,,
370381730634,Level3,[],[],2020-05-22T22:55:52Z,2020-05-22T22:55:52Z,False,False,,,,
370381733294,Lex Brodies,[],[],2020-05-22T22:57:18Z,2020-05-22T22:57:18Z,False,False,,,,
370403989273,LHB Inc,[],[],2020-05-22T22:57:17Z,2020-05-22T22:57:17Z,False,False,,,,
370403988713,Lily of the valley,[],[],2020-05-22T22:57:02Z,2020-05-22T22:57:02Z,False,False,,,,
370403988313,Lincoln Park Presbyterian Church,[],[],2020-05-22T22:56:52Z,2020-05-22T22:56:52Z,False,False,,,,
370381731594,Little Bear Produce,[],[],2020-05-22T22:56:22Z,2020-05-22T22:56:22Z,False,False,,,,
370403988473,Lluvia Panaderia,[],[],2020-05-22T22:56:54Z,2020-05-22T22:56:54Z,False,False,,,,
370381732794,LOCKER ROOM SELF STORAGE,[],[],2020-05-22T22:57:00Z,2020-05-22T22:57:00Z,False,False,,,,
370381731494,Logical Systems Inc,[],[],2020-05-22T22:56:19Z,2020-05-22T22:56:19Z,False,False,,,,
370403989493,Logitech,[],[],2020-05-22T22:57:25Z,2020-05-22T22:57:25Z,False,False,,,,
370403987513,"Long Island Plastic Surgical Group, PC",[],[],2020-05-22T22:56:24Z,2020-05-22T22:56:24Z,False,False,,,,
370381731974,Long Wave Inc,[],[],2020-05-22T22:56:35Z,2020-05-22T22:56:35Z,False,False,,,,
370403987993,Los Amigos Distribution Center Inc,[],[],2020-05-22T22:56:42Z,2020-05-22T22:56:42Z,False,False,,,,
370381730834,"LSL Industries, Inc",[],[],2020-05-22T22:56:01Z,2020-05-22T22:56:01Z,False,False,,,,
370381733034,M's Silk Screen Printing,[],[],2020-05-22T22:57:10Z,2020-05-22T22:57:10Z,False,False,,,,
370403987673,"Mad Engine, LLC",[],[],2020-05-22T22:56:27Z,2020-05-22T22:56:27Z,False,False,,,,
370403987113,Magnetech Industrial Services Inc,[],[],2020-05-22T22:56:11Z,2020-05-22T22:56:11Z,False,False,,,,
370381732574,Manchester Market,[],[],2020-05-22T22:56:50Z,2020-05-22T22:56:50Z,False,False,,,,
370403989573,Mansfield Marketing LLC,[],[],2020-05-22T22:57:26Z,2020-05-22T22:57:26Z,False,False,,,,
370403988073,Mariu's Unisex Beauty Salon Inc,[],[],2020-05-22T22:56:45Z,2020-05-22T22:56:45Z,False,False,,,,
370381733854,Mark Cerrone Inc,[],[],2020-05-22T22:57:35Z,2020-05-22T22:57:35Z,False,False,,,,
370403988653,Mark Jennings & Company,[],[],2020-05-22T22:56:59Z,2020-05-22T22:56:59Z,False,False,,,,
370381732434,Mary's Country Kitchen,[],[],2020-05-22T22:56:46Z,2020-05-22T22:56:46Z,False,False,,,,
1500776943802,Mcmcpa,"['mcm.com', 'mcmcpa.com']",[],2022-02-16T19:17:46Z,2022-02-16T19:17:46Z,False,False,,,,
370403986933,Medhost,[],[],2020-05-22T22:56:05Z,2020-05-22T22:56:05Z,False,False,,,,
370403988573,Melrose Irrigation Supply,[],[],2020-05-22T22:56:56Z,2020-05-22T22:56:56Z,False,False,,,,
370381731774,Meramec Instrument Transformer Co,[],[],2020-05-22T22:56:30Z,2020-05-22T22:56:30Z,False,False,,,,
370403987633,Mestel & Company Inc,[],[],2020-05-22T22:56:26Z,2020-05-22T22:56:26Z,False,False,,,,
370381730314,Metech - Clinton  MA,[],[],2020-05-22T22:55:37Z,2020-05-22T22:55:37Z,False,False,,,,
370381730294,Metech - Salt Lake City  UT,[],[],2020-05-22T22:55:37Z,2020-05-22T22:55:37Z,False,False,,,,
370403985973,Metech Creedmore NC,[],[],2020-05-22T22:55:39Z,2020-05-22T22:55:39Z,False,False,,,,
370403985953,Metech Data center CO,[],[],2020-05-22T22:55:38Z,2020-05-22T22:55:38Z,False,False,,,,
370381730334,Metech Denver CO,[],[],2020-05-22T22:55:38Z,2020-05-22T22:55:38Z,False,False,,,,
370403986433,"Metech Recycling, Inc HQ",[],[],2020-05-22T22:55:53Z,2020-05-22T22:55:53Z,False,False,,,,
370403952393,"Metech Recycling, Inc.",[],[],2020-05-22T19:48:34Z,2020-05-22T19:48:34Z,False,False,,,,
370381732014,Metra Electronics Corporation,[],[],2020-05-22T22:56:36Z,2020-05-22T22:56:36Z,False,False,,,,
370403987233,Microsoft,[],[],2020-05-22T22:56:15Z,2020-05-22T22:56:15Z,False,False,,,,
370403985993,MICROTECH LLC,[],[],2020-05-22T22:55:39Z,2020-05-22T22:55:39Z,False,False,,,,
370403987353,Microwave Transmission system Inc,[],[],2020-05-22T22:56:18Z,2020-05-22T22:56:18Z,False,False,,,,
370381733834,Midwest Glass Fabricators Inc,[],[],2020-05-22T22:57:35Z,2020-05-22T22:57:35Z,False,False,,,,
370381732034,Midwest Sterilization Corporation,[],[],2020-05-22T22:56:36Z,2020-05-22T22:56:36Z,False,False,,,,
370472820193,Mike Leible,['steeleglobal.com'],[],2020-08-18T23:13:33Z,2020-08-18T23:13:33Z,False,False,,,,
370436455113,Monitoring,['monitoringclient.com'],[],2020-06-23T14:29:20Z,2020-06-23T14:29:20Z,False,False,,,,
370381732514,Mort's Delicatessen & Restaurant,[],[],2020-05-22T22:56:48Z,2020-05-22T22:56:48Z,False,False,,,,
370403990053,Murphy Harden,[],[],2020-05-22T22:57:40Z,2020-05-22T22:57:40Z,False,False,,,,
370381732614,My Management Co,[],[],2020-05-22T22:56:52Z,2020-05-22T22:56:52Z,False,False,,,,
370417943294,Myd4,['myd4.com'],[],2020-06-30T15:12:22Z,2021-06-16T16:05:52Z,False,False,,,,
370403988533,NAIL SERVICE,[],[],2020-05-22T22:56:56Z,2020-05-22T22:56:56Z,False,False,,,,
370381730874,National Equity Fund,[],[],2020-05-22T22:56:01Z,2020-05-22T22:56:01Z,False,False,,,,
1500076084521,Netsapiens,['netsapiens.com'],[],2021-03-17T16:26:17Z,2021-03-17T16:26:17Z,False,False,,,,
370381731574,"Network Cabing Infrastructure, Inc.",[],[],2020-05-22T22:56:22Z,2020-05-22T22:56:22Z,False,False,,,,
370403988053,NEW BETHEL PRIMITIVE BAPTIST CHURCH,[],[],2020-05-22T22:56:45Z,2020-05-22T22:56:45Z,False,False,,,,
370381733234,New Company add (ZAP),[],[],2020-05-22T22:57:16Z,2020-05-22T22:57:16Z,False,False,,,,
370403987833,"Nika Solutions, Inc",[],[],2020-05-22T22:56:32Z,2020-05-22T22:56:32Z,False,False,,,,
370381731794,Nitsch Engineering Inc,[],[],2020-05-22T22:56:30Z,2020-05-22T22:56:30Z,False,False,,,,
370493409913,NOC MONITORING,[],[],2020-09-16T20:21:25Z,2020-09-16T20:21:25Z,False,False,,,,
370403989013,Nomadix,[],[],2020-05-22T22:57:09Z,2020-05-22T22:57:09Z,False,False,,,,
370403986773,Nordis Technologies,[],[],2020-05-22T22:56:01Z,2020-05-22T22:56:01Z,False,False,,,,
370403986993,North American Industrial ServicesÂ ,[],[],2020-05-22T22:56:08Z,2020-05-22T22:56:08Z,False,False,,,,
370403986633,North West Rural Electric Cooperative,[],[],2020-05-22T22:55:57Z,2020-05-22T22:55:57Z,False,False,,,,
370403986793,"Northeastern Rural Health Clinic, Inc",[],[],2020-05-22T22:56:01Z,2020-05-22T22:56:01Z,False,False,,,,
370381733194,"Northeastern Rural Health Clinics, Inc",[],[],2020-05-22T22:57:16Z,2020-05-22T22:57:16Z,False,False,,,,
370475959594,Notifications WEB,['uptimerobot.com'],[],2020-09-23T14:44:33Z,2020-09-23T14:44:33Z,False,False,,,,
370403989993,Ntegrated Solutions,[],[],2020-05-22T22:57:39Z,2020-05-22T22:57:39Z,False,False,,,,
370381732474,Nuevo Mundo Americano Travel,[],[],2020-05-22T22:56:47Z,2020-05-22T22:56:47Z,False,False,,,,
370381733094,Okanogan School District 105,[],[],2020-05-22T22:57:13Z,2020-05-22T22:57:13Z,False,False,,,,
370403989893,Omni Financial,[],[],2020-05-22T22:57:34Z,2020-05-22T22:57:34Z,False,False,,,,
370381731294,Onvoy/Inteliquent,[],[],2020-05-22T22:56:14Z,2020-05-22T22:56:14Z,False,False,,,,
370381733374,OSECO,[],[],2020-05-22T22:57:20Z,2020-05-22T22:57:20Z,False,False,,,,
1900028126905,Osinearshore,['osinearshore.com'],[],2021-08-16T17:55:35Z,2021-08-16T17:55:35Z,False,False,,,,
370381733314,Oticon Inc,[],[],2020-05-22T22:57:19Z,2020-05-22T22:57:19Z,False,False,,,,
370381733634,Ottawa Kent Insurance,[],[],2020-05-22T22:57:28Z,2020-05-22T22:57:28Z,False,False,,,,
370381673274,Outsourcing Services International,[],[],2020-05-22T19:48:35Z,2020-05-22T19:48:35Z,False,False,,,,
370381730954,"P & L Development, Inc",[],[],2020-05-22T22:56:04Z,2020-05-22T22:56:04Z,False,False,,,,
370381731654,Pacific Research Labs,[],[],2020-05-22T22:56:25Z,2020-05-22T22:56:25Z,False,False,,,,
370403986513,Paradise Beach Resort,[],[],2020-05-22T22:55:55Z,2020-05-22T22:55:55Z,False,False,,,,
370403987593,Paramount Cleaners,[],[],2020-05-22T22:56:25Z,2020-05-22T22:56:25Z,False,False,,,,
370381730354,Paulson Manufacturing Corporation,[],[],2020-05-22T22:55:40Z,2020-05-22T22:55:40Z,False,False,,,,
370403987793,Peace River Packing Co,[],[],2020-05-22T22:56:32Z,2020-05-22T22:56:32Z,False,False,,,,
370403988253,Peacock Indian Cuisine,[],[],2020-05-22T22:56:51Z,2020-05-22T22:56:51Z,False,False,,,,
370381731534,Peju Province Winery,[],[],2020-05-22T22:56:19Z,2020-05-22T22:56:19Z,False,False,,,,
370403986013,Petersburg Medical Center,[],[],2020-05-22T22:55:40Z,2020-05-22T22:55:40Z,False,False,,,,
370403990013,Petra Oleum,[],[],2020-05-22T22:57:40Z,2020-05-22T22:57:40Z,False,False,,,,
370403986033,Phoenix TS,[],[],2020-05-22T22:55:40Z,2020-05-22T22:55:40Z,False,False,,,,
370381730374,Pierce Flooring & Design,[],[],2020-05-22T22:55:41Z,2020-05-22T22:55:41Z,False,False,,,,
370381732634,Pinewood Dental Associates,[],[],2020-05-22T22:56:52Z,2020-05-22T22:56:52Z,False,False,,,,
370403987313,Pointe North Insurance Group LLC,[],[],2020-05-22T22:56:17Z,2020-05-22T22:56:17Z,False,False,,,,
370403986053,"Precision Concrete Construction, Inc",[],[],2020-05-22T22:55:41Z,2020-05-22T22:55:41Z,False,False,,,,
370403989033,Private Probation Services,[],[],2020-05-22T22:57:10Z,2020-05-22T22:57:10Z,False,False,,,,
370381733434,Professional Installation Network Inc,[],[],2020-05-22T22:57:22Z,2020-05-22T22:57:22Z,False,False,,,,
370403986493,Profit Builder,[],[],2020-05-22T22:55:55Z,2020-05-22T22:55:55Z,False,False,,,,
370403986073,"Purcell Systems, Inc.",[],[],2020-05-22T22:55:41Z,2020-05-22T22:55:41Z,False,False,,,,
370381731734,Quality Staffing Solutions Inc,[],[],2020-05-22T22:56:28Z,2020-05-22T22:56:28Z,False,False,,,,
370381732114,"Quantum Reservoir Impact, LLC",[],[],2020-05-22T22:56:37Z,2020-05-22T22:56:37Z,False,False,,,,
370403988213,Rancho Niguel Apartments,[],[],2020-05-22T22:56:50Z,2020-05-22T22:56:50Z,False,False,,,,
370381732494,Rankin Electric,[],[],2020-05-22T22:56:47Z,2020-05-22T22:56:47Z,False,False,,,,
370381730774,RCD LLC,[],[],2020-05-22T22:55:58Z,2020-05-22T22:55:58Z,False,False,,,,
370381732454,Red Ball Pattern Shop Inc,[],[],2020-05-22T22:56:47Z,2020-05-22T22:56:47Z,False,False,,,,
370403987173,Rees Associates Inc,[],[],2020-05-22T22:56:13Z,2020-05-22T22:56:13Z,False,False,,,,
370381730394,Resonate Inc,[],[],2020-05-22T22:55:42Z,2020-05-22T22:55:42Z,False,False,,,,
370403987613,REY Productions LLC,[],[],2020-05-22T22:56:26Z,2020-05-22T22:56:26Z,False,False,,,,
370381730654,Reytel,[],[],2020-05-22T22:55:52Z,2020-05-22T22:55:52Z,False,False,,,,
370563645753,Rick Gans,['rickgans.com'],[],2020-10-21T16:18:31Z,2020-10-21T16:18:31Z,False,False,,,,
370381733554,Ridley Engineering Inc,[],[],2020-05-22T22:57:25Z,2020-05-22T22:57:25Z,False,False,,,,
370403987573,Rio Grande Hospital,[],[],2020-05-22T22:56:25Z,2020-05-22T22:56:25Z,False,False,,,,
370381732534,Roadrunner Express Delivery,[],[],2020-05-22T22:56:49Z,2020-05-22T22:56:49Z,False,False,,,,
370403987853,Rsi International Inc,[],[],2020-05-22T22:56:32Z,2020-05-22T22:56:32Z,False,False,,,,
370381731894,"Rubie's Costume Company, Inc",[],[],2020-05-22T22:56:33Z,2020-05-22T22:56:33Z,False,False,,,,
370381733954,Russo Developers LLC,[],[],2020-05-22T22:57:37Z,2020-05-22T22:57:37Z,False,False,,,,
370403989653,S&S Investigations & Security INC,[],[],2020-05-22T22:57:28Z,2020-05-22T22:57:28Z,False,False,,,,
370381731874,"S. J. Stile Associates, Ltd",[],[],2020-05-22T22:56:33Z,2020-05-22T22:56:33Z,False,False,,,,
370403988333,Sacks Phillip M DDS Inc,[],[],2020-05-22T22:56:52Z,2020-05-22T22:56:52Z,False,False,,,,
370381731214,Sanborn Head & Associates Inc,[],[],2020-05-22T22:56:12Z,2020-05-22T22:56:12Z,False,False,,,,
370403986533,Sand Box - test company,[],[],2020-05-22T22:55:55Z,2020-05-22T22:55:55Z,False,False,,,,
370381733914,Saven Technologies Inc,[],[],2020-05-22T22:57:37Z,2020-05-22T22:57:37Z,False,False,,,,
370403986733,Server Technology Inc,[],[],2020-05-22T22:56:00Z,2020-05-22T22:56:00Z,False,False,,,,
370381731754,Service Motor Company Inc,[],[],2020-05-22T22:56:29Z,2020-05-22T22:56:29Z,False,False,,,,
370403986093,Seymour of Sycamore Inc,[],[],2020-05-22T22:55:42Z,2022-05-17T16:27:26Z,False,False,,,,
370403988353,Shanghai Chinese Restaurant,[],[],2020-05-22T22:56:53Z,2020-05-22T22:56:53Z,False,False,,,,
370403987413,Shelby Materials,[],[],2020-05-22T22:56:19Z,2020-05-22T22:56:19Z,False,False,,,,
370403988613,Signarama Edwardsville,[],[],2020-05-22T22:56:59Z,2020-05-22T22:56:59Z,False,False,,,,
370403987033,"Signature Brands, LLC",[],[],2020-05-22T22:56:09Z,2020-05-22T22:56:09Z,False,False,,,,
370381730574,Silver State Credit Union,[],[],2020-05-22T22:55:48Z,2020-05-22T22:55:48Z,False,False,,,,
370403989473,Sioux Manufacturing Corporation,[],[],2020-05-22T22:57:24Z,2020-05-22T22:57:24Z,False,False,,,,
370403989133,Skills Incorporated,[],[],2020-05-22T22:57:12Z,2020-05-22T22:57:12Z,False,False,,,,
370403987273,Skykick,[],[],2020-05-22T22:56:16Z,2020-05-22T22:56:16Z,False,False,,,,
370381732674,SMOOTHIE KING,[],[],2020-05-22T22:56:54Z,2020-05-22T22:56:54Z,False,False,,,,
370381733534,SNC Manufacturing Co,[],[],2020-05-22T22:57:24Z,2020-05-22T22:57:24Z,False,False,,,,
370381730414,Somos Technology,[],[],2020-05-22T22:55:42Z,2020-05-22T22:55:42Z,False,False,,,,
370381731034,Sound Incorporated,[],[],2020-05-22T22:56:07Z,2020-05-22T22:56:07Z,False,False,,,,
1500450721641,Southern Pacific Brewing Co,['southernpacificbrewing.com'],[],2021-06-18T20:11:27Z,2021-06-18T20:12:14Z,False,False,,,,"Support:

Perimeter
defender UTM

Manage
wifi (email and social media log in)

Manage
Internet switches"
370381731254,Spectrum (coax),[],[],2020-05-22T22:56:13Z,2020-05-22T22:56:13Z,False,False,,,,
370381730674,Spectrum Business Fiber,[],[],2020-05-22T22:55:53Z,2020-05-22T22:55:53Z,False,False,,,,
370381733654,Spectrum Monthly Inc,[],[],2020-05-22T22:57:29Z,2020-05-22T22:57:29Z,False,False,,,,
370381731554,"Spring Dynamics, Inc",[],[],2020-05-22T22:56:21Z,2020-05-22T22:56:21Z,False,False,,,,
370381733214,Starr-Mathews Agency Inc,[],[],2020-05-22T22:57:16Z,2020-05-22T22:57:16Z,False,False,,,,
370403988493,Stephens Insurance,[],[],2020-05-22T22:56:55Z,2020-05-22T22:56:55Z,False,False,,,,
370403989453,Sterling and Sterling Inc,[],[],2020-05-22T22:57:22Z,2020-05-22T22:57:22Z,False,False,,,,
370381731994,Sturgeon Services International Inc,[],[],2020-05-22T22:56:35Z,2020-05-22T22:56:35Z,False,False,,,,
370381732394,SUN AUTO SERVICE,[],[],2020-05-22T22:56:45Z,2020-05-22T22:56:45Z,False,False,,,,
370381732334,Supreme Marine & Export Inc,[],[],2020-05-22T22:56:42Z,2020-05-22T22:56:42Z,False,False,,,,
370403987973,Susan DC Ocopnick RN,[],[],2020-05-22T22:56:41Z,2020-05-22T22:56:41Z,False,False,,,,
370381730894,Sword & Shield Enterprise Security Inc,[],[],2020-05-22T22:56:02Z,2020-05-22T22:56:02Z,False,False,,,,
370381731014,Sygnetics,[],[],2020-05-22T22:56:06Z,2020-05-22T22:56:06Z,False,False,,,,
370381731054,T Curtis & Co,[],[],2020-05-22T22:56:07Z,2020-05-22T22:56:07Z,False,False,,,,
370381731614,T's Mesquite Rotisserie,[],[],2020-05-22T22:56:23Z,2020-05-22T22:56:23Z,False,False,,,,
370403986113,Tasman Geosciences Inc,[],[],2020-05-22T22:55:43Z,2020-05-22T22:55:43Z,False,False,,,,
5079668722071,Tasman-geo,['tasman-geo.com'],[],2022-03-28T19:52:34Z,2022-03-28T19:52:34Z,False,False,,,,
370381731354,Tegile,[],[],2020-05-22T22:56:16Z,2020-05-22T22:56:16Z,False,False,,,,
370403986393,Telephoncia,[],[],2020-05-22T22:55:53Z,2020-05-22T22:55:53Z,False,False,,,,
370381730434,Tenergy Corporation,[],[],2020-05-22T22:55:43Z,2020-05-22T22:55:43Z,False,False,,,,
370381730994,The Albany Academies,[],[],2020-05-22T22:56:06Z,2020-05-22T22:56:06Z,False,False,,,,
370381733134,The Art Source Inc,[],[],2020-05-22T22:57:14Z,2020-05-22T22:57:14Z,False,False,,,,
370381733114,The Bohl Equipment Company,[],[],2020-05-22T22:57:14Z,2020-05-22T22:57:14Z,False,False,,,,
370381732194,The Circle S Catfish Grill,[],[],2020-05-22T22:56:38Z,2020-05-22T22:56:38Z,False,False,,,,
370403986653,The Corradino Group Inc,[],[],2020-05-22T22:55:58Z,2020-05-22T22:55:58Z,False,False,,,,
370403987933,The Forms Peddler,[],[],2020-05-22T22:56:39Z,2020-05-22T22:56:39Z,False,False,,,,
370381731674,The Lamotte Chemical Products,[],[],2020-05-22T22:56:27Z,2020-05-22T22:56:27Z,False,False,,,,
370403989213,The Marek Group Inc,[],[],2020-05-22T22:57:14Z,2020-05-22T22:57:14Z,False,False,,,,
370381733254,The Sierra Company LLC,[],[],2020-05-22T22:57:17Z,2020-05-22T22:57:17Z,False,False,,,,
370381733674,Themeworks Incorporated,[],[],2020-05-22T22:57:30Z,2020-05-22T22:57:30Z,False,False,,,,
370403986673,Thermal Dynamics Corporation,[],[],2020-05-22T22:55:59Z,2020-05-22T22:55:59Z,False,False,,,,
370381673294,Thomas Keller Restaurant Group,[],['active'],2020-05-22T19:48:35Z,2020-09-15T20:41:25Z,False,False,,,,
370403986473,Thomas Keller Restaurant Group (Do not use),[],[],2020-05-22T22:55:54Z,2020-05-22T22:55:54Z,False,False,,,,
370403986453,Thomas Keller Restaurant Group -  Do Not Use,[],[],2020-05-22T22:55:54Z,2020-05-22T22:55:54Z,False,False,,,,
370403986213,Thomas Keller Restaurant Group - Data Center,[],[],2020-05-22T22:55:48Z,2020-05-22T22:55:48Z,False,False,,,,
370403986133,Thomas Keller Restaurant Group - Do Not Use,[],[],2020-05-22T22:55:43Z,2020-05-22T22:55:43Z,False,False,,,,
370403986553,Thomas Keller Retaurant Group,[],[],2020-05-22T22:55:56Z,2020-05-22T22:55:56Z,False,False,,,,
370381730454,Thompson Engineering,[],[],2020-05-22T22:55:44Z,2020-05-22T22:55:44Z,False,False,,,,
5330920078359,Thompsone,['thompsone.com'],[],2022-04-08T22:17:32Z,2022-04-08T22:17:32Z,False,False,,,,
370403986413,Time Warner Cable,[],[],2020-05-22T22:55:53Z,2020-05-22T22:55:53Z,False,False,,,,
370381732754,Tobacco Deals & Xclusive,[],[],2020-05-22T22:56:57Z,2020-05-22T22:56:57Z,False,False,,,,
370381731394,"Toole Design Group, LLC",[],[],2020-05-22T22:56:17Z,2020-05-22T22:56:17Z,False,False,,,,
370381733934,Trans-Phos,[],[],2020-05-22T22:57:37Z,2020-05-22T22:57:37Z,False,False,,,,
370381732594,Tri-County Glass Company Inc,[],[],2020-05-22T22:56:50Z,2020-05-22T22:56:50Z,False,False,,,,
370403989793,Trio Consulting LLC,[],[],2020-05-22T22:57:31Z,2020-05-22T22:57:31Z,False,False,,,,
370381732714,Turner's Euro Service,[],[],2020-05-22T22:56:55Z,2020-05-22T22:56:55Z,False,False,,,,
370403988813,Turning Point Machine Works,[],[],2020-05-22T22:57:04Z,2020-05-22T22:57:04Z,False,False,,,,
370403987553,Turnkey Construction,[],[],2020-05-22T22:56:25Z,2020-05-22T22:56:25Z,False,False,,,,
370403988553,Unit Design Collective,[],[],2020-05-22T22:56:56Z,2020-05-22T22:56:56Z,False,False,,,,
370403988773,United Methodist Church,[],[],2020-05-22T22:57:03Z,2020-05-22T22:57:03Z,False,False,,,,
370403990093,Urgent Ortho,[],[],2020-05-22T22:57:41Z,2020-05-22T22:57:41Z,False,False,,,,
370381733474,US East of New York,[],[],2020-05-22T22:57:23Z,2020-05-22T22:57:23Z,False,False,,,,
370403989433,Usability Sciences Corporation,[],[],2020-05-22T22:57:22Z,2020-05-22T22:57:22Z,False,False,,,,
370403988433,val investment corp,[],[],2020-05-22T22:56:53Z,2020-05-22T22:56:53Z,False,False,,,,
370403987333,Valeda Company LLC,[],[],2020-05-22T22:56:17Z,2020-05-22T22:56:17Z,False,False,,,,
370381732234,Valencia Marketplace Dental,[],[],2020-05-22T22:56:39Z,2020-05-22T22:56:39Z,False,False,,,,
370403988593,Valley Physical Therapy & Clinic,[],[],2020-05-22T22:56:57Z,2020-05-22T22:56:57Z,False,False,,,,
370403989813,Venesco,[],[],2020-05-22T22:57:31Z,2020-05-22T22:57:31Z,False,False,,,,
370403986153,Veriown,[],[],2020-05-22T22:55:44Z,2020-05-22T22:55:44Z,False,False,,,,
370381668134,Verizon,[],[],2020-05-22T19:34:12Z,2020-05-22T19:34:12Z,False,False,,,,
370381733814,Victoria Air,[],[],2020-05-22T22:57:34Z,2020-05-22T22:57:34Z,False,False,,,,
370381733714,Viking mergers,[],[],2020-05-22T22:57:32Z,2020-05-22T22:57:32Z,False,False,,,,
370403989913,Vikings Mergers,[],[],2020-05-22T22:57:35Z,2020-05-22T22:57:35Z,False,False,,,,
370403986913,Vitasoy,[],[],2020-05-22T22:56:05Z,2020-05-22T22:56:05Z,False,False,,,,
370381730474,Vizergy,[],[],2020-05-22T22:55:44Z,2020-05-22T22:55:44Z,False,False,,,,
370381730494,VMD Systems Integrators Inc,[],[],2020-05-22T22:55:45Z,2020-05-22T22:55:45Z,False,False,,,,
370403986173,Von Drehle Corporation,[],[],2020-05-22T22:55:46Z,2020-05-22T22:55:46Z,False,False,,,,
370403987213,VoxBone,[],[],2020-05-22T22:56:15Z,2020-05-22T22:56:15Z,False,False,,,,
370381730514,Vulcan Electric Company,[],[],2020-05-22T22:55:46Z,2020-05-22T22:55:46Z,False,False,,,,
370403986573,Washington Exec,[],[],2020-05-22T22:55:56Z,2020-05-22T22:55:56Z,False,False,,,,
370381733154,Watersavers Irrigation Inc,[],[],2020-05-22T22:57:15Z,2020-05-22T22:57:15Z,False,False,,,,
370381730534,Watson Truck and Supply Inc,[],[],2020-05-22T22:55:47Z,2020-05-22T22:55:47Z,False,False,,,,
370403987473,Wcik FM 103.1,[],[],2020-05-22T22:56:20Z,2020-05-22T22:56:20Z,False,False,,,,
370403987813,"Webster Industries, Inc",[],[],2020-05-22T22:56:32Z,2020-05-22T22:56:32Z,False,False,,,,
370381731914,"West Springfield Auto Parts, Inc",[],[],2020-05-22T22:56:34Z,2020-05-22T22:56:34Z,False,False,,,,
370403988033,Wharton County Tire Company,[],[],2020-05-22T22:56:44Z,2020-05-22T22:56:44Z,False,False,,,,
370403989173,WHEDCo,[],[],2020-05-22T22:57:13Z,2020-05-22T22:57:13Z,False,False,,,,
370381731194,"Wico Metal Products Company, Inc",[],[],2020-05-22T22:56:12Z,2020-05-22T22:56:12Z,False,False,,,,
370403986193,Wilcon,[],[],2020-05-22T22:55:47Z,2020-05-22T22:55:47Z,False,False,,,,
370381731454,Willard Agri-Service Inc,[],[],2020-05-22T22:56:18Z,2020-05-22T22:56:18Z,False,False,,,,
370403986613,Wood Harbinger Inc,[],[],2020-05-22T22:55:57Z,2020-05-22T22:55:57Z,False,False,,,,
370381732894,Woods Plumbing & Drain Cleaning,[],[],2020-05-22T22:57:06Z,2020-05-22T22:57:06Z,False,False,,,,
370403989153,World Precision Instruments Inc,[],[],2020-05-22T22:57:13Z,2020-05-22T22:57:13Z,False,False,,,,
370403988153,Xpert Hair Care,[],[],2020-05-22T22:56:48Z,2020-05-22T22:56:48Z,False,False,,,,
370381668054,XYZ Test Company,[],[],2020-05-22T19:34:10Z,2020-05-22T19:34:10Z,False,False,,,,
370403986953,Yelcot Communications,[],[],2020-05-22T22:56:05Z,2020-05-22T22:56:05Z,False,False,,,,
370403989353,Your Media Services,[],[],2020-05-22T22:57:18Z,2020-05-22T22:57:18Z,False,False,,,,
370475056314,Zendesk Support,['zendesk.com'],[],2020-09-22T16:16:31Z,2020-09-22T16:16:31Z,False,False,,,,
370403989513,Zinger-Smigielski Funeral Home,[],[],2020-05-22T22:57:25Z,2020-05-22T22:57:25Z,False,False,,,,
